Team,Mat,Won,Lost,Tied,NR,W/L,Inns,HS,LS,Season,AveRPW,AveRPO
Zimbabwe,5,5,0,0,0,5.0,5,344,0.0,2024/25,43.6,12.82
Zimbabwe,10,2,8,0,0,0.25,10,159,124.0,2024,17.48,7.16
Zimbabwe,17,8,9,0,0,0.8888888888888888,17,217,82.0,2023/24,24.03,7.81
Zimbabwe,11,5,5,0,1,1.0,11,174,115.0,2022/23,16.94,7.13
Zimbabwe,16,9,7,0,0,1.2857142857142858,16,236,95.0,2022,22.45,7.75
Zimbabwe,14,6,8,0,0,0.75,14,193,138.0,2021,20.6,7.22
Zimbabwe,6,0,6,0,0,0.0,6,156,148.0,2020/21,19.38,7.28
Zimbabwe,6,3,3,0,0,1.0,6,177,152.0,2019/20,24.56,7.98
Zimbabwe,8,2,5,1,0,0.4,8,172,136.0,2019,22.01,8.23
Zimbabwe,2,0,2,0,0,0.0,2,132,126.0,2018/19,15.17,6.91
Zimbabwe,4,0,4,0,0,0.0,4,162,108.0,2018,17.74,7.06
Zimbabwe,2,0,2,0,0,0.0,2,141,0.0,2017/18,18.64,6.52
Zimbabwe,3,1,2,0,0,0.5,3,170,0.0,2016,19.23,6.73
Zimbabwe,15,5,10,0,0,0.5,15,190,127.0,2015/16,20.15,7.59
Zimbabwe,5,1,4,0,0,0.25,5,175,0.0,2015,23.67,7.34
Zimbabwe,3,2,1,0,0,2.0,3,163,0.0,2013/14,28.46,7.95
Zimbabwe,4,1,3,0,0,0.3333333333333333,4,168,0.0,2013,23.92,7.47
Zimbabwe,4,0,4,0,0,0.0,4,130,100.0,2012/13,13.75,5.67
Zimbabwe,4,0,4,0,0,0.0,4,200,154.0,2011/12,22.71,8.27
Zimbabwe,2,0,2,0,0,0.0,2,136,113.0,2011,14.64,7.04
Zimbabwe,2,0,2,0,0,0.0,2,186,0.0,2010/11,32.18,8.85
Zimbabwe,4,0,4,0,0,0.0,4,140,84.0,2010,14.56,6.04
Zimbabwe,1,1,0,0,0,1.0,1,105,105.0,2009/10,10.5,5.29
Zimbabwe,4,1,2,1,0,0.5,4,184,0.0,2008/09,17.73,6.9
Zimbabwe,2,1,1,0,0,1.0,2,139,0.0,2007/08,23.08,6.95
Zimbabwe,1,0,1,0,0,0.0,1,123,0.0,2006/07,13.66,6.15
World-XI,3,1,2,0,0,0.5,3,177,0.0,2017/18,27.88,8.38
West Indies,3,1,2,0,0,0.5,3,180,89.0,2024/25,18.73,7.78
West Indies,13,11,2,0,0,5.5,13,218,0.0,2024,32.92,9.27
West Indies,8,4,4,0,0,1.0,8,222,192.0,2023/24,26.27,9.96
West Indies,5,3,2,0,0,1.5,5,178,0.0,2023,28.0,8.38
West Indies,8,3,5,0,0,0.6,8,258,118.0,2022/23,22.35,8.85
West Indies,11,4,6,0,1,0.6666666666666666,10,193,100.0,2022,22.24,7.66
West Indies,16,4,12,0,0,0.3333333333333333,16,224,55.0,2021/22,23.91,8.08
West Indies,14,6,5,0,3,1.2,14,199,0.0,2021,27.62,8.66
West Indies,6,2,3,0,1,0.6666666666666666,6,180,117.0,2020/21,18.9,8.47
West Indies,11,5,5,0,1,1.0,11,207,0.0,2019/20,32.62,8.81
West Indies,3,0,3,0,0,0.0,3,146,0.0,2019,17.84,6.1
West Indies,9,2,7,0,0,0.2857142857142857,9,190,45.0,2018/19,16.92,7.67
West Indies,7,2,5,0,0,0.4,7,199,60.0,2018,19.2,7.72
West Indies,3,0,2,0,1,0.0,2,140,124.0,2017/18,13.89,7.43
West Indies,9,6,3,0,0,2.0,9,194,0.0,2017,26.48,7.58
West Indies,3,0,3,0,0,0.0,3,144,115.0,2016/17,15.08,6.05
West Indies,2,1,0,0,1,1.0,2,245,143.0,2016,24.25,9.78
West Indies,8,6,2,0,0,3.0,8,196,185.0,2015/16,26.68,8.07
West Indies,3,2,1,0,0,2.0,3,236,126.0,2014/15,24.09,9.19
West Indies,3,1,1,0,1,1.0,2,165,0.0,2014,21.21,7.81
West Indies,12,6,6,0,0,1.0,12,179,0.0,2013/14,23.13,7.26
West Indies,2,0,2,0,0,0.0,2,152,0.0,2013,17.25,6.9
West Indies,11,7,2,1,1,3.5,10,205,139.0,2012/13,29.07,8.46
West Indies,3,2,1,0,0,2.0,3,209,0.0,2012,50.72,9.3
West Indies,3,1,2,0,0,0.5,3,160,160.0,2011/12,17.68,7.4
West Indies,4,2,2,0,0,1.0,4,150,125.0,2011,19.66,6.66
West Indies,7,3,4,0,0,0.75,7,169,105.0,2010,16.38,6.83
West Indies,3,0,3,0,0,0.0,3,141,0.0,2009/10,16.27,5.96
West Indies,7,4,3,0,0,1.3333333333333333,7,177,101.0,2009,24.25,8.26
West Indies,3,1,1,1,0,1.0,3,155,0.0,2008/09,22.78,7.46
West Indies,1,1,0,0,0,1.0,1,102,0.0,2008,34.0,11.12
West Indies,4,1,3,0,0,0.3333333333333333,4,205,0.0,2007/08,21.53,8.01
West Indies,2,1,1,0,0,1.0,2,208,0.0,2007,25.13,9.42
West Indies,1,0,0,1,0,0.0,1,126,0.0,2005/06,18.0,6.3
Vanuatu,6,1,5,0,0,0.2,6,180,0.0,2024,22.16,7.75
Vanuatu,5,1,4,0,0,0.25,5,128,110.0,2023/24,14.26,5.49
Vanuatu,6,2,4,0,0,0.5,6,137,97.0,2023,13.23,5.43
Vanuatu,3,3,0,0,0,3.0,3,223,0.0,2022/23,24.36,8.93
Vanuatu,6,5,1,0,0,5.0,6,173,127.0,2022,29.06,7.93
Vanuatu,5,3,2,0,0,1.5,5,188,108.0,2019/20,22.82,8.05
Vanuatu,5,1,4,0,0,0.25,5,180,77.0,2019,15.39,6.5
Vanuatu,4,1,3,0,0,0.3333333333333333,4,156,0.0,2018/19,16.9,6.41
Uganda,2,1,1,0,0,1.0,2,93,0.0,2024/25,17.3,6.48
Uganda,4,1,3,0,0,0.3333333333333333,4,78,39.0,2024,5.81,3.3
Uganda,15,12,3,0,0,4.0,15,206,113.0,2023/24,24.32,7.56
Uganda,22,20,2,0,0,10.0,22,192,97.0,2023,24.16,8.27
Uganda,12,9,1,0,2,9.0,10,185,108.0,2022/23,18.76,7.98
Uganda,13,9,4,0,0,2.25,13,178,110.0,2022,21.74,6.64
Uganda,12,11,1,0,0,11.0,12,176,0.0,2021/22,31.21,7.6
Uganda,10,5,4,0,1,1.25,9,172,124.0,2021,20.1,6.82
Uganda,3,1,2,0,0,0.5,3,161,0.0,2019/20,22.15,7.01
Uganda,4,2,2,0,0,1.0,4,144,0.0,2019,19.55,7.02
U.S.A.,3,0,2,1,0,0.0,3,170,0.0,2024/25,23.65,7.88
U.S.A.,21,11,8,1,1,1.375,20,230,115.0,2024,22.99,7.93
U.S.A.,5,2,3,0,0,0.6666666666666666,5,201,92.0,2022,20.25,7.51
U.S.A.,8,6,1,1,0,6.0,8,188,172.0,2021/22,28.88,8.25
U.S.A.,6,2,4,0,0,0.5,6,158,0.0,2019,19.66,6.76
U.S.A.,2,0,1,0,1,0.0,2,158,0.0,2018/19,23.84,8.85
U.A.E.,10,8,2,0,0,4.0,10,245,0.0,2024,39.26,9.74
U.A.E.,15,7,8,0,0,0.875,15,176,62.0,2023/24,21.62,7.24
U.A.E.,9,5,4,0,0,1.25,9,191,136.0,2023,28.14,8.12
U.A.E.,6,2,4,0,0,0.5,6,163,73.0,2022/23,23.48,6.7
U.A.E.,5,1,4,0,0,0.25,5,173,147.0,2022,20.21,7.74
U.A.E.,12,8,4,0,0,2.0,12,192,0.0,2021/22,30.06,8.32
U.A.E.,13,9,4,0,0,2.25,13,199,108.0,2019/20,19.29,7.26
U.A.E.,4,4,0,0,0,4.0,4,181,0.0,2019,29.8,7.9
U.A.E.,6,2,3,0,1,0.6666666666666666,6,182,107.0,2018/19,17.38,7.3
U.A.E.,3,3,0,0,0,3.0,3,180,0.0,2017,32.07,7.67
U.A.E.,5,0,5,0,0,0.0,5,179,0.0,2016/17,22.9,7.56
U.A.E.,12,6,6,0,0,1.0,12,176,73.0,2015/16,17.32,6.46
U.A.E.,3,0,3,0,0,0.0,3,164,109.0,2015,17.04,6.73
U.A.E.,3,0,3,0,0,0.0,3,151,151.0,2013/14,15.6,6.51
Turkey,4,0,4,0,0,0.0,4,127,74.0,2024,9.94,5.18
Turkey,4,1,2,0,1,0.5,3,147,111.0,2023,15.72,7.86
Turkey,4,0,4,0,0,0.0,4,97,48.0,2022,8.55,4.29
Turkey,4,0,4,0,0,0.0,4,53,21.0,2019,3.35,3.2
Thailand,4,4,0,0,0,4.0,4,171,0.0,2024/25,26.57,7.59
Thailand,5,3,2,0,0,1.5,5,145,90.0,2024,14.67,6.14
Thailand,8,5,3,0,0,1.6666666666666667,8,132,120.0,2023/24,24.8,7.32
Thailand,8,3,5,0,0,0.6,8,140,53.0,2023,12.25,5.25
Thailand,6,0,6,0,0,0.0,6,107,30.0,2022,7.2,3.98
Thailand,4,0,4,0,0,0.0,4,96,66.0,2019/20,8.75,4.1
Thailand,4,1,3,0,0,0.3333333333333333,4,154,0.0,2019,19.4,6.61
Tanzania,5,5,0,0,0,5.0,5,183,119.0,2024,21.28,7.81
Tanzania,12,2,10,0,0,0.2,12,153,83.0,2023/24,13.15,5.5
Tanzania,12,6,6,0,0,1.0,12,180,111.0,2023,20.06,7.67
Tanzania,24,17,4,0,3,4.25,23,218,137.0,2022/23,19.56,7.8
Tanzania,5,4,1,0,0,4.0,5,174,0.0,2022,29.2,8.55
Tanzania,10,7,3,0,0,2.3333333333333335,10,242,68.0,2021/22,22.05,8.37
Switzerland,4,2,2,0,0,1.0,4,172,52.0,2024,18.3,7.36
Switzerland,7,6,1,0,0,6.0,7,166,0.0,2023,38.65,8.3
Switzerland,7,3,4,0,0,0.75,7,183,108.0,2022,19.16,7.36
Switzerland,4,3,1,0,0,3.0,4,170,0.0,2021/22,26.8,8.83
Sweden,4,2,2,0,0,1.0,4,218,132.0,2024,22.32,9.96
Sweden,5,2,2,1,0,1.0,5,176,96.0,2023,15.91,6.74
Sweden,9,3,6,0,0,0.5,9,150,78.0,2022,15.98,6.15
Sweden,7,3,4,0,0,0.75,7,146,0.0,2021,19.08,6.89
Swaziland,6,1,5,0,0,0.2,6,194,72.0,2021/22,12.84,6.07
St Helena,7,2,3,0,2,0.6666666666666666,5,126,105.0,2022/23,13.02,5.92
Sri Lanka,3,2,1,0,0,2.0,3,179,0.0,2024/25,39.0,8.74
Sri Lanka,6,1,4,1,0,0.25,6,201,77.0,2024,16.73,7.34
Sri Lanka,9,6,3,0,0,2.0,9,206,160.0,2023/24,29.47,8.84
Sri Lanka,1,0,1,0,0,0.0,1,108,108.0,2023,10.8,5.63
Sri Lanka,14,5,8,1,0,0.625,14,206,102.0,2022/23,21.25,7.94
Sri Lanka,9,6,3,0,0,2.0,9,184,105.0,2022,21.32,7.82
Sri Lanka,16,6,9,1,0,0.6666666666666666,16,189,137.0,2021/22,23.47,7.65
Sri Lanka,9,2,7,0,0,0.2857142857142857,9,135,91.0,2021,15.37,6.07
Sri Lanka,3,1,2,0,0,0.5,3,160,0.0,2020/21,22.21,7.03
Sri Lanka,11,3,7,0,1,0.42857142857142855,10,182,117.0,2019/20,18.5,7.43
Sri Lanka,3,1,2,0,0,0.5,3,174,0.0,2019,21.9,7.66
Sri Lanka,5,0,4,1,0,0.0,5,164,137.0,2018/19,16.0,7.95
Sri Lanka,1,1,0,0,0,1.0,1,99,0.0,2018,14.14,6.18
Sri Lanka,12,3,9,0,0,0.3333333333333333,12,214,87.0,2017/18,20.98,8.26
Sri Lanka,1,0,1,0,0,0.0,1,170,0.0,2017,24.28,8.5
Sri Lanka,8,5,3,0,0,1.6666666666666667,8,176,131.0,2016/17,21.43,8.16
Sri Lanka,3,0,3,0,0,0.0,3,178,140.0,2016,15.92,7.43
Sri Lanka,15,4,11,0,0,0.36363636363636365,15,215,82.0,2015/16,18.31,7.09
Sri Lanka,2,0,2,0,0,0.0,2,172,0.0,2015,22.71,7.95
Sri Lanka,1,1,0,0,0,1.0,1,183,0.0,2014,26.14,9.15
Sri Lanka,11,9,2,0,0,4.5,11,211,119.0,2013/14,28.51,7.98
Sri Lanka,3,1,2,0,0,0.5,3,164,0.0,2013,19.5,6.7
Sri Lanka,11,7,2,1,1,3.5,11,198,101.0,2012/13,28.9,7.94
Sri Lanka,3,1,2,0,0,0.5,3,132,99.0,2012,12.85,6.05
Sri Lanka,1,0,1,0,0,0.0,1,141,141.0,2011/12,14.1,7.23
Sri Lanka,3,3,0,0,0,3.0,3,198,0.0,2011,37.84,8.58
Sri Lanka,1,1,0,0,0,1.0,1,135,0.0,2010/11,45.0,8.18
Sri Lanka,8,4,4,0,0,1.0,8,195,87.0,2010,21.18,6.99
Sri Lanka,2,1,1,0,0,1.0,2,215,0.0,2009/10,35.08,10.52
Sri Lanka,10,6,4,0,0,1.5,10,192,120.0,2009,22.14,7.63
Sri Lanka,5,3,2,0,0,1.5,5,171,0.0,2008/09,23.36,7.37
Sri Lanka,5,3,2,0,0,1.5,5,260,101.0,2007/08,25.21,8.46
Sri Lanka,2,1,1,0,0,1.0,2,115,115.0,2006/07,16.09,7.32
Sri Lanka,1,1,0,0,0,1.0,1,163,163.0,2006,16.3,8.15
Spain,11,11,0,0,0,11.0,11,230,0.0,2024,27.3,8.82
Spain,10,7,2,0,1,3.5,10,177,95.0,2022/23,24.68,8.07
Spain,9,6,3,0,0,2.0,9,150,107.0,2022,19.66,6.96
Spain,3,2,1,0,0,2.0,3,128,0.0,2021,17.33,6.29
Spain,6,5,1,0,0,5.0,6,143,0.0,2019/20,32.9,6.68
Spain,5,4,1,0,0,4.0,5,206,103.0,2019,28.32,8.24
South Korea,6,0,6,0,0,0.0,6,141,47.0,2024,10.5,4.65
South Korea,4,0,4,0,0,0.0,4,170,66.0,2022/23,13.28,5.75
South Africa,2,1,1,0,0,1.0,2,185,0.0,2024/25,32.63,9.53
South Africa,15,8,7,0,0,1.1428571428571428,15,194,147.0,2024,21.87,7.54
South Africa,5,1,4,0,0,0.25,5,190,95.0,2023/24,17.51,8.63
South Africa,11,4,6,0,1,0.6666666666666666,11,259,0.0,2022/23,30.55,9.66
South Africa,10,6,3,0,1,2.0,9,212,87.0,2022,28.41,9.0
South Africa,5,4,1,0,0,4.0,5,189,0.0,2021/22,29.69,7.45
South Africa,15,10,5,0,0,2.0,15,203,144.0,2021,29.44,8.44
South Africa,6,1,5,0,0,0.2,6,191,0.0,2020/21,30.03,8.51
South Africa,8,3,5,0,0,0.6,8,222,89.0,2019/20,24.17,8.39
South Africa,9,7,1,1,0,7.0,9,198,0.0,2018/19,30.55,8.66
South Africa,1,0,1,0,0,0.0,1,98,98.0,2018,9.8,5.88
South Africa,5,3,2,0,0,1.5,5,224,0.0,2017/18,35.11,9.6
South Africa,3,1,2,0,0,0.5,3,174,0.0,2017,26.55,7.96
South Africa,4,2,2,0,0,1.0,4,185,113.0,2016/17,22.8,8.53
South Africa,11,7,4,0,0,1.75,11,229,0.0,2015/16,35.09,8.75
South Africa,4,3,1,0,0,3.0,4,169,0.0,2015,30.7,7.88
South Africa,6,2,4,0,0,0.5,6,231,0.0,2014/15,32.73,8.25
South Africa,11,6,5,0,0,1.2,11,196,0.0,2013/14,28.47,8.05
South Africa,3,2,1,0,0,2.0,3,163,0.0,2013,28.2,7.05
South Africa,9,4,5,0,0,0.8,9,179,100.0,2012/13,23.6,7.92
South Africa,3,1,1,0,1,1.0,3,119,0.0,2012,22.0,7.33
South Africa,6,4,2,0,0,2.0,6,219,0.0,2011/12,30.27,8.67
South Africa,5,4,1,0,0,4.0,5,194,0.0,2010/11,29.03,8.13
South Africa,7,4,3,0,0,1.3333333333333333,7,172,129.0,2010,21.34,7.21
South Africa,2,1,1,0,0,1.0,2,241,0.0,2009/10,40.88,11.15
South Africa,6,5,1,0,0,5.0,6,211,0.0,2009,28.37,7.67
South Africa,5,3,2,0,0,1.5,5,168,130.0,2008/09,22.09,7.98
South Africa,8,6,2,0,0,3.0,8,208,0.0,2007/08,23.51,7.47
South Africa,2,1,1,0,0,1.0,2,132,0.0,2006/07,28.66,8.19
South Africa,3,1,2,0,0,0.5,3,201,114.0,2005/06,18.66,7.72
Slovenia,6,3,3,0,0,1.0,6,171,49.0,2024,15.4,6.35
Slovenia,4,0,4,0,0,0.0,4,140,55.0,2022,10.59,5.44
Singapore,6,4,2,0,0,2.0,6,181,0.0,2024,23.96,8.61
Singapore,8,3,5,0,0,0.6,8,216,109.0,2023/24,21.92,7.95
Singapore,5,3,2,0,0,1.5,5,181,87.0,2023,19.17,7.65
Singapore,7,0,6,1,0,0.0,7,168,80.0,2022/23,16.3,6.88
Singapore,13,2,11,0,0,0.18181818181818182,13,203,69.0,2022,17.8,7.21
Singapore,12,6,6,0,0,1.0,12,239,101.0,2019/20,22.45,7.98
Singapore,3,3,0,0,0,3.0,3,191,0.0,2019,31.53,8.86
Sierra Leone,16,5,11,0,0,0.45454545454545453,16,121,49.0,2023/24,11.93,5.01
Sierra Leone,7,4,3,0,0,1.3333333333333333,7,150,57.0,2022/23,12.93,6.3
Sierra Leone,10,3,7,0,0,0.42857142857142855,10,100,55.0,2021/22,11.82,4.83
Seychelles,5,0,5,0,0,0.0,5,98,74.0,2024/25,8.51,4.25
Seychelles,7,0,4,0,3,0.0,6,162,123.0,2022/23,17.71,6.33
Seychelles,6,2,4,0,0,0.5,6,132,95.0,2021/22,13.9,5.69
Serbia,9,1,8,0,0,0.125,9,160,68.0,2024,13.22,5.36
Serbia,2,0,2,0,0,0.0,2,107,82.0,2023/24,12.6,4.86
Serbia,4,3,0,0,1,3.0,3,181,0.0,2023,30.42,8.93
Serbia,12,4,8,0,0,0.5,12,242,90.0,2022,25.02,7.58
Serbia,4,0,4,0,0,0.0,4,147,100.0,2021,15.81,6.58
Serbia,2,0,2,0,0,0.0,2,156,52.0,2019/20,13.0,5.88
Scotland,10,3,6,0,1,0.5,10,180,126.0,2024,21.96,8.21
Scotland,3,2,1,0,0,2.0,3,147,94.0,2023/24,13.92,6.06
Scotland,6,6,0,0,0,6.0,6,245,0.0,2023,44.0,10.44
Scotland,3,1,2,0,0,0.5,3,176,0.0,2022/23,29.25,7.8
Scotland,2,0,2,0,0,0.0,2,157,0.0,2022,18.17,7.72
Scotland,10,4,6,0,0,0.6666666666666666,10,165,60.0,2021/22,18.08,6.82
Scotland,3,1,2,0,0,0.5,3,177,126.0,2021,22.2,7.44
Scotland,8,5,3,0,0,1.6666666666666667,8,204,0.0,2019/20,25.32,8.28
Scotland,4,2,2,0,0,1.0,4,252,0.0,2019,37.8,10.3
Scotland,3,2,1,0,0,2.0,3,181,0.0,2018/19,32.07,8.31
Scotland,6,2,3,1,0,0.6666666666666666,6,221,82.0,2018,31.09,8.58
Scotland,4,3,1,0,0,3.0,4,189,113.0,2016/17,25.39,7.87
Scotland,7,3,4,0,0,0.75,7,161,136.0,2015/16,18.63,7.44
Scotland,8,4,2,0,2,2.0,6,173,159.0,2015,25.76,9.14
Scotland,4,1,3,0,0,0.3333333333333333,4,165,91.0,2013/14,21.42,7.59
Scotland,2,2,0,0,0,2.0,2,113,0.0,2013,24.33,5.68
Scotland,2,0,2,0,0,0.0,2,139,0.0,2012/13,18.76,6.1
Scotland,1,1,0,0,0,1.0,1,162,0.0,2012,23.14,8.1
Scotland,4,2,2,0,0,1.0,4,178,0.0,2011/12,23.92,7.77
Scotland,4,0,4,0,0,0.0,4,123,99.0,2009/10,11.78,5.75
Scotland,2,0,2,0,0,0.0,2,89,81.0,2009,12.14,7.5
Scotland,4,2,2,0,0,1.0,4,117,117.0,2008,20.52,5.68
Scotland,2,0,1,0,1,0.0,1,120,120.0,2007/08,12.0,6.05
Saudi Arabia,4,1,3,0,0,0.3333333333333333,4,202,134.0,2024,16.57,8.14
Saudi Arabia,15,14,1,0,0,14.0,15,221,0.0,2023/24,37.74,8.88
Saudi Arabia,5,0,5,0,0,0.0,5,148,110.0,2023,15.82,6.57
Saudi Arabia,7,2,5,0,0,0.4,7,155,0.0,2022/23,17.16,6.42
Saudi Arabia,4,2,2,0,0,1.0,4,161,0.0,2021/22,22.54,7.29
Saudi Arabia,3,1,2,0,0,0.5,3,138,113.0,2019/20,18.0,7.47
Saudi Arabia,5,3,2,0,0,1.5,5,163,126.0,2018/19,25.03,8.58
Samoa,6,4,2,0,0,2.0,6,183,104.0,2024,22.05,8.08
Samoa,3,0,3,0,0,0.0,3,148,139.0,2022/23,15.03,7.11
Samoa,6,1,5,0,0,0.2,6,157,117.0,2022,17.5,7.01
Samoa,4,1,3,0,0,0.3333333333333333,4,148,81.0,2019,14.83,6.37
Rwanda,9,4,5,0,0,0.8,9,146,91.0,2024/25,16.74,5.86
Rwanda,6,1,5,0,0,0.2,6,176,118.0,2024,27.67,7.35
Rwanda,21,7,12,1,1,0.5833333333333334,20,154,24.0,2023/24,11.83,5.19
Rwanda,21,3,18,0,0,0.16666666666666666,21,174,59.0,2023,13.86,6.48
Rwanda,24,6,17,0,1,0.35294117647058826,24,192,35.0,2022/23,12.63,5.82
Rwanda,6,3,3,0,0,1.0,6,196,63.0,2021/22,16.09,7.65
Rwanda,5,2,3,0,0,0.6666666666666666,5,165,0.0,2021,18.14,7.28
Romania,8,6,2,0,0,3.0,8,192,84.0,2024,23.4,7.95
Romania,10,4,6,0,0,0.6666666666666666,10,190,103.0,2023,21.3,7.72
Romania,11,6,5,0,0,1.2,11,193,104.0,2022,24.6,7.87
Romania,9,9,0,0,0,9.0,9,211,156.0,2021,27.96,10.63
Romania,4,3,1,0,0,3.0,4,209,95.0,2020/21,23.31,8.22
Romania,4,3,1,0,0,3.0,4,226,0.0,2019,24.28,8.03
Qatar,4,2,2,0,0,1.0,4,178,0.0,2024,20.59,8.52
Qatar,9,3,5,1,0,0.6,9,201,109.0,2023/24,23.96,7.94
Qatar,5,3,2,0,0,1.5,5,156,106.0,2023,21.9,7.01
Qatar,7,3,2,0,2,1.5,5,165,0.0,2022/23,27.57,8.56
Qatar,4,3,1,0,0,3.0,4,154,0.0,2021/22,22.83,7.66
Qatar,10,7,3,0,0,2.3333333333333335,10,201,94.0,2019/20,27.12,7.68
Qatar,7,3,3,1,0,1.0,7,206,0.0,2019,21.66,7.79
Qatar,5,3,1,1,0,3.0,5,205,0.0,2018/19,31.16,8.62
Portugal,5,2,3,0,0,0.6666666666666666,5,174,142.0,2024,18.57,7.07
Portugal,9,9,0,0,0,9.0,9,208,162.0,2023,28.72,8.95
Portugal,5,3,2,0,0,1.5,5,155,77.0,2022,16.48,6.52
Portugal,4,4,0,0,0,4.0,4,218,0.0,2021,28.72,9.44
Portugal,4,2,2,0,0,1.0,4,116,114.0,2019/20,15.81,5.65
Philippines,7,3,4,0,0,0.75,7,178,0.0,2024,15.66,5.96
Philippines,6,3,2,1,0,1.5,6,158,0.0,2023/24,20.21,7.68
Philippines,8,1,7,0,0,0.14285714285714285,8,174,45.0,2023,14.01,5.49
Philippines,5,0,5,0,0,0.0,5,109,36.0,2021/22,10.62,4.45
Philippines,4,1,2,0,1,0.5,4,93,0.0,2018/19,11.65,4.95
Peru,4,2,2,0,0,1.0,4,153,85.0,2019/20,14.0,6.16
Panama,4,0,4,0,0,0.0,4,90,67.0,2023/24,9.37,4.21
Panama,4,1,3,0,0,0.3333333333333333,4,139,126.0,2022/23,15.21,6.28
Panama,6,1,5,0,0,0.2,6,139,37.0,2021/22,11.72,5.09
Panama,3,2,1,0,0,2.0,3,148,0.0,2019,24.05,7.34
Pakistan,14,6,6,1,1,1.0,13,195,157.0,2024,25.8,8.22
Pakistan,5,1,4,0,0,0.25,5,180,173.0,2023/24,20.6,8.45
Pakistan,8,3,4,0,1,0.75,7,193,115.0,2023,20.98,8.54
Pakistan,15,9,6,0,0,1.5,15,185,0.0,2022/23,23.96,7.55
Pakistan,13,6,7,0,0,0.8571428571428571,13,203,121.0,2022,23.16,8.03
Pakistan,13,11,2,0,0,5.5,13,208,0.0,2021/22,36.18,8.33
Pakistan,14,7,4,0,3,1.75,11,232,99.0,2021,24.91,8.24
Pakistan,9,6,3,0,0,2.0,9,177,0.0,2020/21,29.14,8.34
Pakistan,3,1,1,0,1,1.0,2,195,0.0,2020,48.12,9.62
Pakistan,8,2,5,0,1,0.4,8,150,101.0,2019/20,20.07,6.92
Pakistan,1,0,1,0,0,0.0,1,173,0.0,2019,28.83,8.65
Pakistan,9,7,2,0,0,3.5,9,186,0.0,2018/19,25.52,8.09
Pakistan,10,9,1,0,0,9.0,10,205,116.0,2018,36.95,9.08
Pakistan,9,7,2,0,0,3.5,9,201,105.0,2017/18,29.57,8.19
Pakistan,4,3,1,0,0,3.0,4,137,132.0,2017,20.44,6.7
Pakistan,3,3,0,0,0,3.0,3,160,0.0,2016/17,54.85,7.75
Pakistan,1,1,0,0,0,1.0,1,139,0.0,2016,139.0,9.37
Pakistan,16,6,9,1,0,0.6666666666666666,16,201,83.0,2015/16,20.93,7.5
Pakistan,5,4,1,0,0,4.0,5,176,0.0,2015,26.21,8.51
Pakistan,3,1,2,0,0,0.5,3,140,127.0,2014/15,16.5,6.25
Pakistan,11,5,6,0,0,0.8333333333333334,11,191,82.0,2013/14,21.41,7.5
Pakistan,4,4,0,0,0,4.0,4,179,0.0,2013,30.14,7.91
Pakistan,9,6,3,0,0,2.0,9,195,128.0,2012/13,24.15,7.88
Pakistan,5,2,2,1,0,1.0,5,151,74.0,2012,16.12,5.8
Pakistan,5,3,2,0,0,1.5,5,144,112.0,2011/12,19.32,6.71
Pakistan,3,2,1,0,0,2.0,3,198,0.0,2011,24.1,8.03
Pakistan,5,1,4,0,0,0.25,5,183,119.0,2010/11,16.53,7.12
Pakistan,10,4,6,0,0,0.6666666666666666,10,191,89.0,2010,20.42,7.5
Pakistan,5,3,2,0,0,1.5,5,161,0.0,2009/10,19.91,7.24
Pakistan,9,7,2,0,0,3.5,9,175,0.0,2009,28.88,7.55
Pakistan,4,3,1,0,0,3.0,4,141,0.0,2008/09,21.66,6.59
Pakistan,10,8,1,1,0,8.0,10,203,152.0,2007/08,26.55,8.36
Pakistan,1,0,1,0,0,0.0,1,129,0.0,2006/07,16.12,6.45
Pakistan,1,1,0,0,0,1.0,1,148,0.0,2006,29.6,8.29
P.N.G.,4,0,4,0,0,0.0,4,136,77.0,2024,10.15,4.9
P.N.G.,8,4,4,0,0,1.0,8,206,98.0,2023/24,24.95,7.73
P.N.G.,10,10,0,0,0,10.0,10,229,0.0,2023,25.16,7.97
P.N.G.,7,3,4,0,0,0.75,7,206,97.0,2022,20.41,8.29
P.N.G.,10,1,9,0,0,0.1111111111111111,10,199,97.0,2021/22,18.42,7.89
P.N.G.,8,6,2,0,0,3.0,8,197,118.0,2019/20,23.16,7.47
P.N.G.,5,5,0,0,0,5.0,5,181,137.0,2019,16.38,7.95
P.N.G.,4,3,0,0,1,3.0,4,216,0.0,2018/19,75.75,10.38
P.N.G.,3,0,3,0,0,0.0,3,150,102.0,2017,15.2,6.51
P.N.G.,3,1,2,0,0,0.5,3,116,0.0,2015/16,11.42,5.82
P.N.G.,3,2,1,0,0,2.0,3,127,0.0,2015,21.87,6.6
Oman,19,8,10,1,0,0.8,19,200,47.0,2024,17.81,7.28
Oman,8,6,1,1,0,6.0,8,184,0.0,2023/24,23.5,7.68
Oman,6,4,2,0,0,2.0,6,175,149.0,2023,22.09,7.96
Oman,7,3,4,0,0,0.75,7,220,137.0,2022/23,26.45,8.61
Oman,11,4,7,0,0,0.5714285714285714,11,165,78.0,2021/22,18.69,6.83
Oman,16,11,5,0,0,2.2,16,173,107.0,2019/20,22.64,7.19
Oman,3,0,3,0,0,0.0,3,166,111.0,2018/19,18.3,7.07
Oman,4,1,3,0,0,0.3333333333333333,4,149,133.0,2016/17,18.46,7.28
Oman,12,4,7,0,1,0.5714285714285714,11,180,132.0,2015/16,19.83,7.04
Oman,1,0,1,0,0,0.0,1,127,0.0,2015,14.11,6.35
Norway,8,7,1,0,0,7.0,8,185,69.0,2024,23.84,7.82
Norway,5,3,2,0,0,1.5,5,183,123.0,2023,16.89,7.04
Norway,9,4,5,0,0,0.8,9,186,77.0,2022,16.74,6.87
Norway,5,2,3,0,0,0.6666666666666666,5,185,76.0,2021,15.77,6.39
Norway,5,0,5,0,0,0.0,5,151,80.0,2019,13.68,5.45
Nigeria,5,2,3,0,0,0.6666666666666666,5,158,0.0,2024,19.7,7.33
Nigeria,18,12,5,0,1,2.4,18,155,84.0,2023/24,15.46,6.01
Nigeria,7,6,0,0,1,6.0,7,221,101.0,2022/23,24.17,7.29
Nigeria,12,5,7,0,0,0.7142857142857143,12,134,67.0,2021/22,13.5,5.69
Nigeria,6,1,5,0,0,0.2,6,133,0.0,2021,16.51,5.73
Nigeria,6,0,6,0,0,0.0,6,115,71.0,2019/20,12.28,4.61
Nigeria,3,2,1,0,0,2.0,3,135,119.0,2019,15.6,6.54
New Zealand,9,4,4,0,1,1.0,9,179,75.0,2024,17.57,7.34
New Zealand,11,5,5,0,1,1.0,11,226,92.0,2023/24,24.04,8.56
New Zealand,12,6,5,0,1,1.2,12,202,94.0,2023,23.78,8.25
New Zealand,18,9,7,2,0,1.2857142857142858,18,208,66.0,2022/23,25.98,8.27
New Zealand,10,9,1,0,0,9.0,10,254,0.0,2022,35.63,9.6
New Zealand,10,5,5,0,0,1.0,10,172,111.0,2021/22,28.3,7.78
New Zealand,5,2,3,0,0,0.6666666666666666,5,161,60.0,2021,16.54,6.01
New Zealand,14,10,3,0,1,3.3333333333333335,13,238,106.0,2020/21,32.79,9.57
New Zealand,10,2,5,3,0,0.4,10,203,165.0,2019/20,24.7,8.81
New Zealand,3,2,1,0,0,2.0,3,175,88.0,2019,20.38,7.75
New Zealand,7,3,4,0,0,0.75,7,219,119.0,2018/19,24.7,8.66
New Zealand,14,5,8,0,1,0.625,14,243,153.0,2017/18,26.88,8.98
New Zealand,4,3,1,0,0,3.0,4,195,107.0,2016/17,25.56,8.77
New Zealand,10,8,2,0,0,4.0,10,196,155.0,2015/16,28.51,8.5
New Zealand,4,2,2,0,0,1.0,4,198,135.0,2015,22.03,8.65
New Zealand,2,1,1,0,0,1.0,2,144,0.0,2014/15,18.6,6.97
New Zealand,2,1,1,0,0,1.0,2,126,126.0,2014,17.35,7.11
New Zealand,8,5,3,0,0,1.6666666666666667,8,204,60.0,2013/14,25.11,8.13
New Zealand,2,1,0,0,1,1.0,1,201,0.0,2013,50.25,10.05
New Zealand,12,3,6,2,1,0.5,12,192,86.0,2012/13,21.63,7.76
New Zealand,3,1,2,0,0,0.5,3,167,116.0,2012,18.95,7.62
New Zealand,7,5,2,0,0,2.5,7,202,0.0,2011/12,44.57,9.1
New Zealand,3,2,1,0,0,2.0,3,185,80.0,2010/11,18.68,7.75
New Zealand,7,4,3,0,0,1.3333333333333333,7,157,81.0,2010,17.71,6.49
New Zealand,5,1,3,1,0,0.3333333333333333,5,214,112.0,2009/10,22.3,7.7
New Zealand,7,4,3,0,0,1.3333333333333333,7,198,99.0,2009,20.77,7.69
New Zealand,5,3,1,1,0,3.0,5,191,0.0,2008/09,27.96,8.2
New Zealand,1,0,1,0,0,0.0,1,123,0.0,2008,13.66,6.15
New Zealand,10,3,7,0,0,0.42857142857142855,10,190,132.0,2007/08,18.51,7.78
New Zealand,2,1,1,0,0,1.0,2,162,0.0,2006/07,21.38,7.22
New Zealand,2,1,0,1,0,1.0,2,134,0.0,2005/06,20.0,6.84
New Zealand,1,0,1,0,0,0.0,1,170,170.0,2004/05,17.0,8.5
Netherlands,12,5,7,0,0,0.7142857142857143,12,217,87.0,2024,18.76,7.29
Netherlands,5,3,1,0,1,3.0,4,247,120.0,2023/24,29.6,9.36
Netherlands,8,4,4,0,0,1.0,8,158,135.0,2022/23,17.36,6.4
Netherlands,7,4,3,0,0,1.3333333333333333,7,187,95.0,2022,24.5,7.52
Netherlands,3,0,3,0,0,0.0,3,164,44.0,2021/22,13.08,6.28
Netherlands,5,2,2,1,0,1.0,5,209,96.0,2021,27.37,8.22
Netherlands,13,9,4,0,0,2.25,13,206,94.0,2019/20,25.7,7.52
Netherlands,9,2,6,1,0,0.3333333333333333,9,199,123.0,2019,22.9,8.05
Netherlands,3,2,1,0,0,2.0,3,182,0.0,2018/19,35.92,8.57
Netherlands,5,2,2,0,1,1.0,5,174,106.0,2018,21.22,8.3
Netherlands,3,1,2,0,0,0.5,3,148,92.0,2016/17,15.24,7.03
Netherlands,5,2,2,0,1,1.0,4,157,103.0,2015/16,17.18,7.21
Netherlands,8,6,2,0,0,3.0,8,191,130.0,2015,25.41,7.54
Netherlands,11,6,5,0,0,1.2,11,193,39.0,2013/14,24.46,7.62
Netherlands,2,0,2,0,0,0.0,2,172,113.0,2013,19.0,7.37
Netherlands,2,1,1,0,0,1.0,2,144,0.0,2012,17.18,6.87
Netherlands,4,2,2,0,0,1.0,4,169,0.0,2011/12,21.8,7.16
Netherlands,4,3,1,0,0,3.0,4,146,86.0,2009/10,21.6,6.83
Netherlands,2,1,1,0,0,1.0,2,163,93.0,2009,16.0,6.82
Netherlands,4,2,1,0,1,2.0,3,153,97.0,2008,18.0,6.35
Nepal,3,2,0,1,0,2.0,3,170,0.0,2024/25,28.88,8.36
Nepal,13,6,7,0,0,0.8571428571428571,13,210,85.0,2024,18.57,7.14
Nepal,19,10,7,1,1,1.4285714285714286,18,213,85.0,2023/24,24.82,8.54
Nepal,3,2,1,0,0,2.0,3,314,0.0,2023,37.1,11.75
Nepal,5,3,2,0,0,1.5,5,175,114.0,2022,18.27,6.9
Nepal,13,10,3,0,0,3.3333333333333335,13,223,107.0,2021/22,26.32,7.93
Nepal,5,4,1,0,0,4.0,5,238,0.0,2021,50.83,10.49
Nepal,13,7,6,0,0,1.1666666666666667,13,236,64.0,2019/20,19.92,7.42
Nepal,6,4,2,0,0,2.0,6,173,109.0,2019,21.77,7.82
Nepal,3,2,1,0,0,2.0,3,132,0.0,2018/19,16.52,7.01
Nepal,1,0,0,0,1,0.0,0,0,0.0,2018,0.0,0.0
Nepal,7,1,6,0,0,0.16666666666666666,7,141,53.0,2015,11.3,5.41
Nepal,1,0,1,0,0,0.0,1,72,72.0,2014/15,7.2,3.6
Nepal,3,2,1,0,0,2.0,3,149,0.0,2013/14,23.11,6.93
Namibia,13,3,9,1,0,0.3333333333333333,13,212,72.0,2024,19.6,7.1
Namibia,18,12,5,0,1,2.4,18,207,101.0,2023/24,29.09,7.84
Namibia,3,1,2,0,0,0.5,3,163,0.0,2022/23,20.23,7.08
Namibia,8,5,3,0,0,1.6666666666666667,8,185,0.0,2022,29.4,7.5
Namibia,11,6,5,0,0,1.2,11,174,96.0,2021/22,20.84,6.82
Namibia,3,3,0,0,0,3.0,3,189,0.0,2021,38.16,8.35
Namibia,9,5,4,0,0,1.25,9,191,96.0,2019/20,19.0,7.36
Namibia,7,7,0,0,0,7.0,7,240,0.0,2019,40.08,9.46
Myanmar,6,1,5,0,0,0.2,6,132,45.0,2024,8.51,3.48
Myanmar,3,1,2,0,0,0.5,3,82,0.0,2023/24,8.8,3.84
Myanmar,4,0,4,0,0,0.0,4,77,35.0,2023,6.08,3.13
Mozambique,5,3,2,0,0,1.5,5,158,56.0,2024/25,17.33,6.25
Mozambique,3,1,2,0,0,0.5,3,110,98.0,2023/24,14.27,5.76
Mozambique,3,1,2,0,0,0.5,3,132,0.0,2023,14.1,4.7
Mozambique,7,5,2,0,0,2.5,7,151,0.0,2022/23,29.8,6.46
Mozambique,9,6,3,0,0,2.0,9,207,93.0,2022,25.04,7.52
Mozambique,4,1,3,0,0,0.3333333333333333,4,209,100.0,2021/22,16.96,7.01
Mozambique,7,1,5,0,1,0.2,7,169,104.0,2019/20,16.3,6.72
Mongolia,13,0,12,0,1,0.0,13,75,10.0,2024,4.04,2.52
Mongolia,2,0,2,0,0,0.0,2,60,41.0,2023,5.31,3.04
Mexico,2,0,2,0,0,0.0,2,125,125.0,2024/25,13.29,5.65
Mexico,5,3,2,0,0,1.5,5,106,78.0,2024,11.5,4.75
Mexico,2,1,1,0,0,1.0,2,124,0.0,2023/24,18.0,5.94
Mexico,5,2,3,0,0,0.6666666666666666,5,132,0.0,2019/20,12.57,5.55
Mexico,3,1,2,0,0,0.5,3,134,0.0,2019,16.22,6.01
Malta,9,1,8,0,0,0.125,9,211,84.0,2024,17.52,7.01
Malta,21,8,13,0,0,0.6153846153846154,21,187,63.0,2023,19.26,7.71
Malta,13,7,6,0,0,1.1666666666666667,13,206,40.0,2022,20.8,7.92
Malta,5,3,1,1,0,3.0,5,213,145.0,2021/22,23.68,8.63
Malta,13,5,8,0,0,0.625,13,197,50.0,2021,19.44,7.31
Malta,3,2,0,0,1,2.0,2,216,0.0,2020,40.1,10.32
Malta,2,0,2,0,0,0.0,2,136,122.0,2019/20,12.9,7.55
Malta,2,0,2,0,0,0.0,2,98,97.0,2019,10.26,4.89
Mali,5,0,5,0,0,0.0,5,57,18.0,2024,3.56,2.67
Mali,3,0,3,0,0,0.0,3,112,37.0,2023/24,6.71,3.81
Mali,7,0,5,0,2,0.0,6,107,30.0,2022/23,6.05,4.05
Maldives,4,2,2,0,0,1.0,4,123,0.0,2024/25,30.0,5.98
Maldives,6,2,4,0,0,0.5,6,178,0.0,2024,17.05,5.98
Maldives,14,2,12,0,0,0.16666666666666666,14,159,76.0,2023/24,15.22,6.09
Maldives,2,1,1,0,0,1.0,2,74,74.0,2023,12.36,5.16
Maldives,6,2,4,0,0,0.5,6,136,97.0,2022,12.97,5.55
Maldives,4,0,4,0,0,0.0,4,103,56.0,2021/22,9.07,4.37
Maldives,6,1,5,0,0,0.2,6,129,0.0,2019/20,15.02,5.47
Maldives,4,1,2,0,1,0.5,3,153,113.0,2019,16.54,7.02
Maldives,4,0,4,0,0,0.0,4,141,102.0,2018/19,17.2,6.55
Malaysia,14,7,7,0,0,1.0,14,203,124.0,2024,22.39,7.43
Malaysia,10,5,5,0,0,1.0,10,198,0.0,2023/24,20.36,6.81
Malaysia,14,10,4,0,0,2.5,14,268,81.0,2023,23.14,8.37
Malaysia,11,7,3,0,1,2.3333333333333335,11,223,95.0,2022/23,27.22,8.76
Malaysia,10,9,1,0,0,9.0,10,230,0.0,2022,31.92,9.17
Malaysia,4,1,3,0,0,0.3333333333333333,4,196,138.0,2021/22,23.25,7.86
Malaysia,4,0,3,1,0,0.0,4,176,109.0,2021,16.37,7.93
Malaysia,14,9,5,0,0,1.8,14,206,111.0,2019/20,22.4,7.63
Malaysia,10,4,5,0,1,0.8,10,186,92.0,2019,18.97,7.55
Malawi,5,2,3,0,0,0.6666666666666666,5,141,88.0,2024/25,13.82,5.85
Malawi,10,6,4,0,0,1.5,10,176,100.0,2024,26.9,7.11
Malawi,5,2,3,0,0,0.6666666666666666,5,135,0.0,2023/24,18.42,5.72
Malawi,3,2,1,0,0,2.0,3,155,69.0,2023,17.87,5.66
Malawi,7,4,1,0,2,4.0,6,185,0.0,2022/23,32.05,7.67
Malawi,3,1,2,0,0,0.5,3,126,0.0,2022,22.28,5.86
Malawi,6,4,2,0,0,2.0,6,142,0.0,2021/22,27.84,6.46
Malawi,7,5,1,0,1,5.0,6,170,0.0,2019/20,23.87,7.41
Luxembourg,5,1,4,0,0,0.25,5,172,91.0,2024,16.17,6.67
Luxembourg,2,1,1,0,0,1.0,2,165,165.0,2023/24,17.38,7.82
Luxembourg,11,4,7,0,0,0.5714285714285714,11,191,110.0,2023,19.1,7.47
Luxembourg,11,4,7,0,0,0.5714285714285714,11,173,80.0,2022,15.97,6.54
Luxembourg,8,5,3,0,0,1.6666666666666667,8,187,0.0,2021,28.04,7.81
Luxembourg,4,1,3,0,0,0.3333333333333333,4,164,112.0,2020,19.25,6.83
Luxembourg,4,1,3,0,0,0.3333333333333333,4,145,127.0,2019,16.87,6.42
Lesotho,5,1,4,0,0,0.25,5,148,47.0,2024,7.97,4.91
Lesotho,5,2,3,0,0,0.6666666666666666,5,127,114.0,2023/24,16.91,6.58
Lesotho,7,2,4,0,1,0.5,6,153,67.0,2022/23,12.24,6.26
Lesotho,6,0,6,0,0,0.0,6,140,26.0,2021/22,11.55,6.35
Kuwait,15,10,4,0,1,2.5,15,226,70.0,2024,24.74,8.97
Kuwait,14,9,5,0,0,1.8,14,175,87.0,2023/24,21.43,7.55
Kuwait,5,2,3,0,0,0.6666666666666666,5,155,155.0,2023,19.79,7.28
Kuwait,4,1,3,0,0,0.3333333333333333,4,158,0.0,2022/23,20.0,7.67
Kuwait,8,6,1,1,0,6.0,8,209,0.0,2022,22.67,9.14
Kuwait,4,2,2,0,0,1.0,4,146,0.0,2021/22,19.53,8.0
Kuwait,5,3,2,0,0,1.5,5,210,139.0,2019/20,27.87,8.24
Kuwait,6,2,3,1,0,0.6666666666666666,6,203,120.0,2019,22.14,8.12
Kuwait,4,2,1,1,0,2.0,4,189,0.0,2018/19,27.71,8.35
Kenya,6,5,1,0,0,5.0,6,224,102.0,2024/25,24.48,8.18
Kenya,10,8,2,0,0,4.0,10,219,0.0,2024,27.24,8.66
Kenya,17,11,6,0,0,1.8333333333333333,17,182,95.0,2023/24,20.77,7.02
Kenya,10,6,4,0,0,1.5,10,185,115.0,2023,22.9,7.0
Kenya,7,5,0,0,2,5.0,7,237,0.0,2022/23,48.35,9.96
Kenya,9,4,5,0,0,0.8,9,161,101.0,2022,20.61,7.02
Kenya,6,4,2,0,0,2.0,6,168,138.0,2021/22,28.62,7.91
Kenya,7,3,3,0,1,1.0,6,162,123.0,2021,19.61,7.16
Kenya,6,2,4,0,0,0.5,6,159,73.0,2019/20,17.18,6.35
Kenya,3,3,0,0,0,3.0,3,145,0.0,2019,30.15,7.49
Kenya,6,3,3,0,0,1.0,6,183,56.0,2013/14,15.93,6.4
Kenya,4,2,2,0,0,1.0,4,176,78.0,2013,18.0,6.66
Kenya,2,1,1,0,0,1.0,2,139,0.0,2012/13,16.56,6.62
Kenya,5,0,5,0,0,0.0,5,164,71.0,2011/12,13.13,5.83
Kenya,4,3,1,0,0,3.0,4,141,130.0,2009/10,46.09,8.24
Kenya,4,1,3,0,0,0.3333333333333333,4,134,67.0,2008,11.73,5.3
Kenya,4,0,4,0,0,0.0,4,138,73.0,2007/08,10.86,5.14
Jersey,11,8,3,0,0,2.6666666666666665,11,233,141.0,2024,29.33,9.55
Jersey,8,5,3,0,0,1.6666666666666667,8,190,158.0,2023,20.61,7.74
Jersey,8,5,3,0,0,1.6666666666666667,8,185,0.0,2022,25.7,7.76
Jersey,6,6,0,0,0,6.0,6,139,94.0,2021/22,19.19,6.07
Jersey,9,3,6,0,0,0.5,9,184,105.0,2019/20,17.92,6.98
Jersey,8,6,1,1,0,6.0,8,171,0.0,2019,25.46,7.42
Japan,15,14,0,0,1,14.0,15,253,0.0,2024,30.2,8.96
Japan,10,4,6,0,0,0.6666666666666666,10,258,128.0,2023/24,25.19,8.38
Japan,8,4,4,0,0,1.0,8,166,127.0,2023,14.57,6.42
Japan,7,5,2,0,0,2.5,7,218,79.0,2022/23,19.17,8.16
Italy,5,5,0,0,0,5.0,5,244,0.0,2024,35.25,8.32
Italy,5,3,2,0,0,1.5,5,183,90.0,2023,17.58,7.87
Italy,4,1,3,0,0,0.3333333333333333,4,161,107.0,2022/23,24.95,7.17
Italy,5,5,0,0,0,5.0,5,210,0.0,2022,33.04,8.74
Italy,6,3,3,0,0,1.0,6,141,98.0,2021/22,16.09,5.68
Italy,8,5,2,0,1,2.5,7,138,76.0,2019,17.2,6.79
Israel,5,2,3,0,0,0.6666666666666666,5,175,0.0,2024,16.2,6.49
Israel,4,1,3,0,0,0.3333333333333333,4,166,0.0,2022,18.14,6.35
Isle of Man,5,2,3,0,0,0.6666666666666666,5,182,85.0,2024,15.6,6.98
Isle of Man,3,2,0,0,1,2.0,3,150,0.0,2023,25.78,7.22
Isle of Man,6,0,5,0,1,0.0,5,132,10.0,2022/23,9.13,5.17
Isle of Man,5,4,1,0,0,4.0,5,171,0.0,2022,24.28,7.83
Isle of Man,4,4,0,0,0,4.0,4,151,0.0,2021/22,29.2,7.91
Isle of Man,1,0,1,0,0,0.0,1,100,0.0,2020,11.11,5.0
Ireland,2,1,1,0,0,1.0,2,195,0.0,2024/25,26.14,9.15
Ireland,9,4,5,0,0,0.8,9,193,96.0,2024,21.09,7.69
Ireland,6,3,3,0,0,1.0,6,166,98.0,2023/24,20.07,7.28
Ireland,7,4,3,0,0,1.3333333333333333,7,226,0.0,2023,28.5,8.67
Ireland,13,5,8,0,0,0.625,13,180,114.0,2022/23,19.58,7.68
Ireland,12,3,9,0,0,0.3333333333333333,12,221,91.0,2022,20.09,8.46
Ireland,16,8,8,0,0,1.0,16,165,101.0,2021/22,20.33,7.24
Ireland,8,3,5,0,0,0.6,8,178,117.0,2021,20.12,7.13
Ireland,18,9,7,1,1,1.2857142857142858,18,208,125.0,2019/20,22.71,8.13
Ireland,5,3,2,0,0,1.5,5,194,0.0,2019,27.06,9.78
Ireland,6,2,4,0,0,0.5,6,194,0.0,2018/19,25.02,8.55
Ireland,8,1,6,1,0,0.16666666666666666,8,205,70.0,2018,17.66,7.64
Ireland,7,2,5,0,0,0.4,7,211,71.0,2016/17,19.8,8.32
Ireland,1,0,1,0,0,0.0,1,129,129.0,2016,12.9,6.61
Ireland,8,3,4,0,1,0.75,7,154,105.0,2015/16,15.53,7.02
Ireland,8,1,5,0,2,0.2,6,166,128.0,2015,18.52,6.87
Ireland,7,5,2,0,0,2.5,7,225,0.0,2013/14,27.65,7.87
Ireland,2,0,1,0,1,0.0,2,129,0.0,2012/13,19.38,6.46
Ireland,3,0,3,0,0,0.0,3,145,0.0,2012,18.36,6.73
Ireland,8,8,0,0,0,8.0,8,159,0.0,2011/12,34.25,7.65
Ireland,2,0,1,0,1,0.0,2,68,68.0,2010,7.45,4.06
Ireland,6,3,3,0,0,1.0,6,172,126.0,2009/10,19.34,7.24
Ireland,5,1,4,0,0,0.25,5,138,115.0,2009,16.31,6.66
Ireland,4,3,0,0,1,3.0,3,118,0.0,2008,12.26,4.85
Iran,3,0,3,0,0,0.0,3,108,0.0,2019/20,9.64,4.01
Indonesia,5,0,5,0,0,0.0,5,105,80.0,2024/25,10.08,4.57
Indonesia,12,5,7,0,0,0.7142857142857143,12,141,29.0,2024,14.46,5.56
Indonesia,16,7,8,1,0,0.875,15,192,119.0,2023/24,20.83,7.22
Indonesia,3,1,2,0,0,0.5,3,147,0.0,2023,18.3,6.1
Indonesia,7,4,3,0,0,1.3333333333333333,7,130,83.0,2022/23,13.6,5.73
India,3,3,0,0,0,3.0,3,297,0.0,2024/25,36.11,12.54
India,16,14,1,1,0,14.0,16,234,102.0,2024,28.72,8.67
India,10,7,2,1,0,3.5,10,235,0.0,2023/24,33.18,10.0
India,10,6,3,0,1,2.0,9,202,0.0,2023,32.58,8.84
India,17,11,5,1,0,2.2,17,237,178.0,2022/23,30.54,8.86
India,23,15,7,0,1,2.142857142857143,23,225,138.0,2022,30.72,9.32
India,14,12,2,0,0,6.0,14,210,0.0,2021/22,39.75,9.0
India,3,1,2,0,0,0.5,3,164,0.0,2021,20.94,6.28
India,8,5,3,0,0,1.6666666666666667,8,224,0.0,2020/21,31.47,8.79
India,16,10,3,2,1,3.3333333333333335,15,240,0.0,2019/20,36.21,8.94
India,3,3,0,0,0,3.0,3,167,0.0,2019,29.64,7.34
India,11,5,5,0,1,1.0,10,208,139.0,2018/19,31.71,8.55
India,5,4,1,0,0,4.0,5,213,0.0,2018,49.1,9.61
India,16,12,4,0,0,3.0,16,260,118.0,2017/18,33.05,8.8
India,2,1,1,0,0,1.0,2,190,0.0,2017,40.44,9.25
India,3,2,1,0,0,2.0,3,202,0.0,2016/17,23.47,8.21
India,5,2,2,0,1,1.0,5,244,0.0,2016,41.75,8.88
India,18,13,5,0,0,2.6,18,200,79.0,2015/16,29.17,7.88
India,2,1,1,0,0,1.0,2,178,0.0,2015,22.35,7.82
India,1,0,1,0,0,0.0,1,177,0.0,2014,35.4,8.85
India,7,6,1,0,0,6.0,7,202,0.0,2013/14,39.59,7.88
India,9,6,3,0,0,2.0,9,192,0.0,2012/13,27.64,8.06
India,2,1,1,0,0,1.0,2,166,0.0,2012,45.85,8.02
India,4,1,3,0,0,0.3333333333333333,4,140,0.0,2011/12,27.41,6.9
India,2,1,1,0,0,1.0,2,165,165.0,2011,20.25,8.16
India,1,1,0,0,0,1.0,1,168,0.0,2010/11,28.0,8.4
India,7,4,3,0,0,1.3333333333333333,7,186,135.0,2010,25.92,8.05
India,2,1,1,0,0,1.0,2,211,0.0,2009/10,30.53,10.13
India,5,2,3,0,0,0.6666666666666666,5,180,0.0,2009,26.44,7.47
India,3,1,2,0,0,0.5,3,174,0.0,2008/09,23.09,8.17
India,9,5,2,1,1,2.5,8,218,74.0,2007/08,25.56,8.2
India,1,1,0,0,0,1.0,1,127,0.0,2006/07,31.75,6.4
ICC World XI,1,0,1,0,0,0.0,1,127,127.0,2018,14.11,7.62
Hungary,4,1,3,0,0,0.3333333333333333,4,173,110.0,2024,16.3,6.92
Hungary,5,2,2,1,0,1.0,5,209,138.0,2023,18.5,8.11
Hungary,13,4,8,0,1,0.5,13,197,89.0,2022,18.49,7.51
Hungary,4,2,2,0,0,1.0,4,187,187.0,2021,25.92,8.95
Hong Kong,17,9,7,0,1,1.2857142857142858,17,201,114.0,2024,21.61,7.94
Hong Kong,18,9,7,1,1,1.2857142857142858,18,219,94.0,2023/24,23.66,8.27
Hong Kong,7,2,5,0,0,0.4,7,141,79.0,2023,14.41,6.0
Hong Kong,4,4,0,0,0,4.0,4,182,0.0,2022/23,23.76,7.5
Hong Kong,10,5,5,0,0,1.0,10,186,38.0,2022,19.3,6.91
Hong Kong,20,6,14,0,0,0.42857142857142855,20,171,102.0,2019/20,18.33,6.99
Hong Kong,3,1,2,0,0,0.5,3,183,87.0,2016/17,21.75,7.43
Hong Kong,1,1,0,0,0,1.0,1,169,0.0,2016,33.8,8.45
Hong Kong,12,3,9,0,0,0.3333333333333333,12,175,112.0,2015/16,19.38,7.13
Hong Kong,4,3,1,0,0,3.0,4,162,116.0,2015,18.46,6.55
Hong Kong,1,1,0,0,0,1.0,1,73,0.0,2014/15,9.12,3.68
Hong Kong,3,1,2,0,0,0.5,3,153,69.0,2013/14,12.92,5.92
Guernsey,12,7,5,0,0,1.4,12,197,86.0,2024,25.34,8.5
Guernsey,5,2,3,0,0,0.6666666666666666,5,172,98.0,2023,21.17,7.2
Guernsey,12,6,6,0,0,1.0,12,153,78.0,2022,21.59,6.52
Guernsey,1,1,0,0,0,1.0,1,101,0.0,2020,50.5,8.78
Guernsey,9,2,5,1,1,0.4,8,128,95.0,2019,13.98,5.79
Greece,4,0,4,0,0,0.0,4,134,84.0,2024,11.5,5.42
Greece,4,0,4,0,0,0.0,4,146,43.0,2022,9.91,5.04
Greece,4,1,2,0,1,0.5,4,157,133.0,2021,18.8,8.51
Greece,3,2,1,0,0,2.0,3,117,0.0,2019/20,30.0,7.6
Gibraltar,8,4,4,0,0,1.0,8,175,0.0,2024,24.13,7.6
Gibraltar,4,3,1,0,0,3.0,4,172,0.0,2023/24,23.5,7.58
Gibraltar,11,3,8,0,0,0.375,11,176,84.0,2023,18.74,7.25
Gibraltar,10,2,8,0,0,0.25,10,213,141.0,2022,23.46,7.64
Gibraltar,5,1,3,1,0,0.3333333333333333,5,217,0.0,2021/22,28.3,8.42
Gibraltar,4,0,4,0,0,0.0,4,193,108.0,2021,22.8,7.26
Gibraltar,4,0,4,0,0,0.0,4,113,95.0,2019/20,14.24,5.17
Ghana,5,3,2,0,0,1.5,5,133,88.0,2024,15.54,5.36
Ghana,17,5,11,1,0,0.45454545454545453,17,185,54.0,2023/24,11.19,5.42
Ghana,7,3,4,0,0,0.75,7,215,111.0,2022/23,25.42,7.72
Ghana,3,1,2,0,0,0.5,3,154,135.0,2022,16.23,7.03
Ghana,6,5,1,0,0,5.0,6,239,97.0,2021/22,28.14,8.26
Ghana,5,3,2,0,0,1.5,5,166,79.0,2021,21.87,7.73
Ghana,4,0,4,0,0,0.0,4,113,88.0,2019,12.87,5.14
Germany,4,3,1,0,0,3.0,4,220,151.0,2024,25.15,9.83
Germany,14,9,5,0,0,1.8,14,181,141.0,2023,26.66,8.15
Germany,4,3,1,0,0,3.0,4,149,0.0,2022/23,34.4,7.25
Germany,5,4,1,0,0,4.0,5,151,103.0,2022,16.02,6.41
Germany,11,4,7,0,0,0.5714285714285714,11,167,85.0,2021/22,18.76,6.27
Germany,8,5,3,0,0,1.6666666666666667,8,164,0.0,2021,19.93,6.62
Germany,2,1,1,0,0,1.0,2,180,0.0,2019/20,31.9,7.97
Germany,10,7,3,0,0,2.3333333333333335,10,149,53.0,2019,20.23,6.98
Gambia,3,0,3,0,0,0.0,3,142,46.0,2024/25,10.08,5.11
Gambia,2,0,2,0,0,0.0,2,87,57.0,2023/24,8.47,4.01
Gambia,7,1,6,0,0,0.16666666666666666,7,122,42.0,2022/23,8.32,4.75
France,10,6,3,1,0,2.0,10,170,116.0,2024,18.42,7.31
France,9,5,4,0,0,1.25,9,191,78.0,2023,23.32,7.66
France,5,3,2,0,0,1.5,5,183,97.0,2022,20.77,7.55
France,4,1,3,0,0,0.3333333333333333,4,128,0.0,2021,14.54,5.81
Finland,8,3,5,0,0,0.6,8,199,74.0,2024,15.1,6.83
Finland,6,1,4,1,0,0.25,6,106,92.0,2023,10.52,5.33
Finland,10,7,3,0,0,2.3333333333333335,10,183,33.0,2022,16.97,6.97
Finland,4,2,2,0,0,1.0,4,145,0.0,2021,21.8,7.39
Finland,5,1,4,0,0,0.25,5,185,86.0,2019,16.58,6.91
Fiji,6,3,3,0,0,1.0,6,173,62.0,2024,15.4,7.04
Fiji,4,2,2,0,0,1.0,4,205,121.0,2022/23,20.13,7.92
Fiji,6,3,3,0,0,1.0,6,149,147.0,2022,16.3,7.28
Eswatini,5,3,2,0,0,1.5,5,182,116.0,2023/24,16.62,7.4
Eswatini,3,0,3,0,0,0.0,3,127,98.0,2023,11.67,5.94
Eswatini,7,1,5,0,1,0.2,7,151,0.0,2022/23,19.21,6.99
Eswatini,6,0,6,0,0,0.0,6,123,59.0,2022,10.21,5.37
Estonia,11,8,3,0,0,2.6666666666666665,11,196,144.0,2024,27.31,8.06
Estonia,2,1,1,0,0,1.0,2,160,0.0,2023,38.62,8.5
Estonia,6,0,6,0,0,0.0,6,171,101.0,2022,18.67,6.51
Estonia,6,0,6,0,0,0.0,6,130,71.0,2021/22,13.82,5.6
England,12,7,4,0,1,1.75,11,194,103.0,2024,27.24,9.24
England,5,2,3,0,0,0.6666666666666666,5,267,132.0,2023/24,29.15,9.73
England,4,2,2,0,0,1.0,4,198,128.0,2023,25.76,8.88
England,12,7,4,0,1,1.75,12,208,117.0,2022/23,27.53,8.03
England,13,6,7,0,0,0.8571428571428571,13,234,101.0,2022,25.62,9.17
England,11,6,5,0,0,1.2,11,204,103.0,2021/22,24.61,8.51
England,6,5,1,0,0,5.0,6,201,200.0,2021,24.35,8.68
England,8,5,3,0,0,1.6666666666666667,8,192,0.0,2020/21,35.23,8.88
England,6,3,2,0,1,1.5,6,199,0.0,2020,27.22,8.58
England,8,4,3,1,0,1.3333333333333333,8,241,155.0,2019/20,28.78,9.88
England,1,1,0,0,0,1.0,1,175,0.0,2019,58.33,9.05
England,4,4,0,0,0,4.0,4,187,0.0,2018/19,27.36,8.68
England,4,2,2,0,0,1.0,4,221,0.0,2018,26.92,9.12
England,4,1,3,0,0,0.3333333333333333,4,194,0.0,2017/18,20.93,8.37
England,4,2,2,0,0,1.0,4,181,155.0,2017,26.0,8.78
England,3,1,2,0,0,0.5,3,148,127.0,2016/17,21.78,7.57
England,2,1,1,0,0,1.0,2,144,0.0,2016,31.0,7.44
England,11,6,4,1,0,1.5,11,230,171.0,2015/16,24.07,8.45
England,2,2,0,0,0,2.0,2,191,0.0,2015,31.08,9.32
England,2,1,1,0,0,1.0,2,180,0.0,2014,25.28,8.85
England,10,2,8,0,0,0.25,10,200,88.0,2013/14,20.05,7.94
England,4,1,2,0,1,0.5,4,209,0.0,2013,35.41,9.97
England,10,5,5,0,0,1.0,10,214,80.0,2012/13,26.62,8.46
England,4,2,1,0,1,2.0,4,173,0.0,2012,25.76,7.98
England,4,3,1,0,0,3.0,4,150,0.0,2011/12,23.3,6.81
England,4,2,2,0,0,1.0,4,169,88.0,2011,22.65,7.28
England,2,1,1,0,0,1.0,2,158,0.0,2010/11,20.06,7.52
England,9,7,1,0,1,7.0,9,191,0.0,2010,27.86,7.87
England,4,2,2,0,0,1.0,4,202,0.0,2009/10,27.69,8.11
England,6,2,3,0,1,0.6666666666666666,6,185,111.0,2009,22.17,7.68
England,1,0,1,0,0,0.0,1,121,121.0,2008/09,12.1,6.31
England,1,1,0,0,0,1.0,1,127,0.0,2008,127.0,7.25
England,7,3,4,0,0,0.75,7,200,135.0,2007/08,21.32,8.52
England,2,1,1,0,0,1.0,2,193,0.0,2007,30.5,9.26
England,1,0,1,0,0,0.0,1,144,0.0,2006/07,16.0,7.2
England,2,0,2,0,0,0.0,2,161,0.0,2006,25.41,7.62
England,1,1,0,0,0,1.0,1,179,0.0,2005,22.37,8.95
Denmark,6,3,3,0,0,1.0,6,225,102.0,2024,21.66,8.22
Denmark,10,4,6,0,0,0.6666666666666666,10,175,109.0,2023,19.4,6.9
Denmark,8,6,2,0,0,3.0,8,256,0.0,2022,30.9,8.67
Denmark,6,0,6,0,0,0.0,6,132,89.0,2021/22,13.63,5.58
Denmark,3,2,1,0,0,2.0,3,135,111.0,2021,20.66,6.3
Denmark,9,4,3,0,2,1.3333333333333333,8,158,117.0,2019,14.11,6.3
Czech Rep.,5,2,3,0,0,0.6666666666666666,5,178,110.0,2024,17.27,6.34
Czech Rep.,3,2,0,1,0,2.0,3,169,128.0,2023,20.76,7.53
Czech Rep.,15,10,5,0,0,2.0,15,258,66.0,2022,26.68,8.51
Czech Rep.,7,2,5,0,0,0.4,7,176,84.0,2021,24.51,7.77
Czech Rep.,4,1,3,0,0,0.3333333333333333,4,151,0.0,2020,14.79,5.66
Czech Rep.,2,2,0,0,0,2.0,2,204,0.0,2019/20,39.11,8.8
Czech Rep.,5,3,2,0,0,1.5,5,278,163.0,2019,28.62,9.02
Cyprus,11,4,7,0,0,0.5714285714285714,11,195,67.0,2024,17.15,7.22
Cyprus,5,2,3,0,0,0.6666666666666666,5,183,120.0,2022,16.97,7.41
Cyprus,6,4,2,0,0,2.0,6,187,92.0,2021/22,19.61,7.37
Croatia,9,2,7,0,0,0.2857142857142857,9,140,47.0,2024,10.29,5.09
Croatia,6,0,5,0,1,0.0,5,83,63.0,2023,7.52,4.32
Croatia,5,2,3,0,0,0.6666666666666666,5,104,69.0,2022,10.42,4.02
Costa Rica,5,2,3,0,0,0.6666666666666666,5,120,35.0,2024,9.29,4.73
Costa Rica,3,0,3,0,0,0.0,3,133,89.0,2019,15.18,5.61
Cook Islands,6,4,2,0,0,2.0,6,186,0.0,2024,29.0,7.37
Cook Islands,6,3,3,0,0,1.0,6,158,123.0,2022,19.78,7.41
China,7,1,6,0,0,0.16666666666666666,7,129,37.0,2023/24,8.43,4.06
China,4,1,3,0,0,0.3333333333333333,4,78,23.0,2023,5.0,3.42
Chile,2,0,2,0,0,0.0,2,72,52.0,2023/24,7.29,3.12
Chile,4,1,3,0,0,0.3333333333333333,4,104,93.0,2019/20,11.06,5.31
Cayman,4,1,3,0,0,0.3333333333333333,4,123,30.0,2023/24,10.54,5.17
Cayman,4,3,1,0,0,3.0,4,138,125.0,2022/23,14.12,5.84
Cayman,5,5,0,0,0,5.0,5,180,0.0,2022,33.38,8.27
Cayman,6,0,6,0,0,0.0,6,116,114.0,2019,11.34,4.75
Canada,15,5,9,0,1,0.5555555555555556,15,199,106.0,2024,20.32,7.27
Canada,5,4,1,0,0,4.0,5,230,95.0,2023/24,29.2,8.91
Canada,7,6,1,0,0,6.0,7,199,0.0,2022/23,36.0,9.19
Canada,11,8,2,1,0,4.0,11,245,80.0,2021/22,41.54,9.22
Canada,6,3,3,0,0,1.0,6,176,0.0,2019/20,22.32,7.44
Canada,6,5,0,0,1,5.0,6,196,0.0,2019,32.04,8.68
Canada,2,0,2,0,0,0.0,2,166,125.0,2013/14,22.38,7.39
Canada,2,1,1,0,0,1.0,2,128,118.0,2012/13,16.4,6.58
Canada,4,0,4,0,0,0.0,4,135,93.0,2011/12,13.34,6.09
Canada,4,1,3,0,0,0.3333333333333333,4,176,0.0,2009/10,23.84,7.45
Canada,4,0,3,1,0,0.0,4,138,75.0,2008/09,12.5,5.67
Canada,3,2,1,0,0,2.0,3,99,91.0,2008,14.5,5.25
Cameroon,5,2,3,0,0,0.6666666666666666,5,58,30.0,2024,6.08,4.08
Cameroon,3,1,2,0,0,0.5,3,144,35.0,2023/24,9.08,5.42
Cameroon,7,0,6,0,1,0.0,6,146,34.0,2022/23,9.08,5.25
Cameroon,3,0,3,0,0,0.0,3,77,48.0,2022,6.7,3.81
Cameroon,4,0,4,0,0,0.0,4,89,38.0,2021/22,6.15,3.84
Cambodia,4,0,4,0,0,0.0,4,141,76.0,2024,12.21,5.8
Cambodia,13,7,6,0,0,1.1666666666666667,13,174,104.0,2023/24,23.76,6.96
Cambodia,5,3,2,0,0,1.5,5,182,70.0,2023,18.44,7.12
Bulgaria,7,0,7,0,0,0.0,7,174,79.0,2024,13.24,5.99
Bulgaria,4,2,1,0,1,2.0,3,166,0.0,2023,35.54,9.23
Bulgaria,18,7,11,0,0,0.6363636363636364,18,246,48.0,2022,23.82,8.51
Bulgaria,4,1,3,0,0,0.3333333333333333,4,180,81.0,2021/22,23.56,7.4
Bulgaria,8,2,5,0,1,0.4,8,208,125.0,2021,20.53,7.51
Bulgaria,4,1,3,0,0,0.3333333333333333,4,175,60.0,2020/21,17.0,6.6
Bulgaria,3,0,2,0,1,0.0,3,184,0.0,2020,24.92,8.61
Bulgaria,3,2,1,0,0,2.0,3,161,0.0,2019/20,19.5,6.72
Brazil,1,1,0,0,0,1.0,1,132,132.0,2024/25,13.2,6.94
Brazil,4,1,3,0,0,0.3333333333333333,4,96,76.0,2019/20,9.72,5.39
Botswana,5,2,3,0,0,0.6666666666666666,5,153,62.0,2023/24,13.2,5.28
Botswana,12,5,7,0,0,0.7142857142857143,12,205,64.0,2023,18.5,6.52
Botswana,7,3,3,0,1,1.0,7,165,106.0,2022/23,23.63,7.21
Botswana,4,2,2,0,0,1.0,4,185,0.0,2022,19.33,7.25
Botswana,4,3,1,0,0,3.0,4,157,0.0,2021/22,27.94,7.75
Botswana,7,0,7,0,0,0.0,7,116,46.0,2019,11.87,4.99
Bhutan,5,3,2,0,0,1.5,5,144,94.0,2024/25,16.08,5.95
Bhutan,8,1,7,0,0,0.14285714285714285,8,164,55.0,2023/24,12.57,5.75
Bhutan,4,2,2,0,0,1.0,4,161,83.0,2023,14.18,5.79
Bhutan,7,4,3,0,0,1.3333333333333333,7,135,73.0,2022,11.44,4.8
Bhutan,2,0,2,0,0,0.0,2,117,0.0,2019/20,16.3,5.3
Bermuda,5,4,1,0,0,4.0,5,181,93.0,2023/24,19.09,7.89
Bermuda,6,6,0,0,0,6.0,6,226,0.0,2022/23,64.46,9.37
Bermuda,6,4,2,0,0,2.0,6,239,0.0,2021/22,25.18,8.68
Bermuda,6,0,6,0,0,0.0,6,158,89.0,2019/20,13.37,6.1
Bermuda,6,4,1,0,1,4.0,6,142,116.0,2019,17.82,6.69
Bermuda,3,0,3,0,0,0.0,3,99,70.0,2008,8.4,4.28
Belize,6,1,5,0,0,0.2,6,143,85.0,2021/22,12.89,5.37
Belize,3,3,0,0,0,3.0,3,157,0.0,2019,22.56,7.62
Belgium,17,9,7,1,0,1.2857142857142858,17,200,112.0,2024,21.4,8.02
Belgium,4,0,4,0,0,0.0,4,179,164.0,2023,17.81,8.27
Belgium,8,7,1,0,0,7.0,8,233,113.0,2022,22.83,8.5
Belgium,8,5,3,0,0,1.6666666666666667,8,196,99.0,2021,19.44,7.14
Belgium,4,4,0,0,0,4.0,4,197,0.0,2020,25.25,8.83
Belgium,3,0,3,0,0,0.0,3,133,87.0,2019,15.4,6.2
Bangladesh,3,0,3,0,0,0.0,3,164,127.0,2024/25,16.38,7.11
Bangladesh,15,8,7,0,0,1.1428571428571428,15,165,105.0,2024,20.42,7.19
Bangladesh,6,2,3,0,1,0.6666666666666666,5,203,110.0,2023/24,21.88,7.99
Bangladesh,5,4,1,0,0,4.0,5,157,0.0,2023,18.43,6.82
Bangladesh,15,7,8,0,0,0.875,15,207,101.0,2022/23,22.97,7.9
Bangladesh,10,3,6,0,1,0.5,10,188,0.0,2022,25.55,8.04
Bangladesh,13,3,10,0,0,0.3,13,181,73.0,2021/22,16.88,6.66
Bangladesh,13,9,4,0,0,2.25,13,194,76.0,2021,18.67,6.41
Bangladesh,3,0,3,0,0,0.0,3,144,76.0,2020/21,14.48,7.95
Bangladesh,7,3,4,0,0,0.75,7,200,144.0,2019/20,30.82,7.78
Bangladesh,4,3,1,0,0,3.0,4,175,139.0,2019,20.03,7.85
Bangladesh,3,1,2,0,0,0.5,3,211,129.0,2018/19,20.0,8.57
Bangladesh,6,2,4,0,0,0.5,6,184,122.0,2018,20.88,7.54
Bangladesh,9,2,7,0,0,0.2857142857142857,9,215,135.0,2017/18,21.49,8.39
Bangladesh,5,1,4,0,0,0.25,5,176,148.0,2016/17,20.17,8.01
Bangladesh,18,8,9,0,1,0.8888888888888888,18,180,70.0,2015/16,22.28,7.55
Bangladesh,3,1,2,0,0,0.5,3,143,96.0,2015,16.39,6.91
Bangladesh,1,0,0,0,1,0.0,1,31,0.0,2014,0.0,6.64
Bangladesh,10,2,8,0,0,0.25,10,189,98.0,2013/14,19.44,7.22
Bangladesh,2,1,1,0,0,1.0,2,168,0.0,2013,22.0,8.25
Bangladesh,4,0,4,0,0,0.0,4,181,0.0,2012/13,30.31,8.33
Bangladesh,6,4,2,0,0,2.0,6,190,128.0,2012,21.41,7.56
Bangladesh,2,1,1,0,0,1.0,2,135,0.0,2011/12,13.75,5.52
Bangladesh,2,0,2,0,0,0.0,2,151,114.0,2010,15.58,6.85
Bangladesh,1,0,1,0,0,0.0,1,78,78.0,2009/10,7.8,4.45
Bangladesh,3,0,3,0,0,0.0,3,155,0.0,2009,16.4,6.83
Bangladesh,1,0,1,0,0,0.0,1,109,0.0,2008/09,13.62,7.78
Bangladesh,8,2,6,0,0,0.3333333333333333,8,165,83.0,2007/08,16.5,7.2
Bangladesh,1,1,0,0,0,1.0,1,166,166.0,2006/07,16.6,8.36
Bahrain,2,1,1,0,0,1.0,2,97,89.0,2024/25,12.4,6.37
Bahrain,4,1,3,0,0,0.3333333333333333,4,199,0.0,2024,23.8,8.72
Bahrain,9,6,3,0,0,2.0,9,166,146.0,2023/24,22.33,6.91
Bahrain,5,3,2,0,0,1.5,5,150,0.0,2023,19.18,6.4
Bahrain,18,7,9,1,1,0.7777777777777778,18,195,114.0,2022/23,22.52,7.72
Bahrain,5,0,4,1,0,0.0,5,189,84.0,2022,21.6,7.66
Bahrain,9,6,3,0,0,2.0,9,191,0.0,2021/22,25.87,8.13
Bahrain,4,2,2,0,0,1.0,4,186,83.0,2019/20,15.18,7.59
Bahrain,4,2,2,0,0,1.0,4,188,157.0,2018/19,26.52,8.61
Bahamas,4,1,3,0,0,0.3333333333333333,4,105,74.0,2022/23,10.48,4.43
Bahamas,5,0,5,0,0,0.0,5,138,101.0,2022,15.83,6.05
Bahamas,6,2,4,0,0,0.5,6,150,68.0,2021/22,12.09,5.71
Austria,9,6,3,0,0,2.0,9,208,97.0,2024,25.01,8.22
Austria,10,0,9,0,1,0.0,9,149,66.0,2023,11.96,5.6
Austria,17,12,4,0,1,3.0,16,214,81.0,2022,22.96,8.06
Austria,7,4,3,0,0,1.3333333333333333,7,195,0.0,2021,26.38,8.35
Austria,5,4,1,0,0,4.0,5,239,106.0,2019,36.68,9.05
Australia,12,9,3,0,0,3.0,12,201,127.0,2024,29.84,9.48
Australia,14,9,5,0,0,1.8,14,241,174.0,2023/24,33.69,10.11
Australia,9,5,3,0,1,1.6666666666666667,9,200,111.0,2022/23,23.1,8.51
Australia,6,3,3,0,0,1.0,6,211,0.0,2022,30.76,9.3
Australia,13,10,2,1,0,5.0,13,177,125.0,2021/22,29.03,8.15
Australia,10,2,8,0,0,0.25,10,189,62.0,2021,16.36,6.87
Australia,8,3,5,0,0,0.6,8,215,131.0,2020/21,26.07,8.77
Australia,3,1,2,0,0,0.5,3,160,0.0,2020,25.72,7.78
Australia,9,7,1,0,1,7.0,9,233,0.0,2019/20,51.23,9.23
Australia,10,4,5,0,1,0.8,10,194,89.0,2018/19,20.35,7.43
Australia,6,3,3,0,0,1.0,6,229,193.0,2018,31.06,9.29
Australia,7,6,1,0,0,6.0,7,245,0.0,2017/18,34.51,8.92
Australia,3,1,2,0,0,0.5,3,187,173.0,2016/17,24.0,8.8
Australia,2,2,0,0,0,2.0,2,263,0.0,2016,43.66,10.38
Australia,10,4,6,0,0,0.6666666666666666,10,205,151.0,2015/16,25.25,8.57
Australia,1,0,1,0,0,0.0,1,177,0.0,2015,22.12,8.85
Australia,4,3,1,0,0,3.0,4,146,0.0,2014/15,23.28,7.35
Australia,10,6,4,0,0,1.5,10,213,86.0,2013/14,26.22,9.08
Australia,2,1,1,0,0,1.0,2,248,0.0,2013,27.73,10.4
Australia,9,4,5,0,0,0.8,9,164,131.0,2012/13,31.07,7.95
Australia,3,1,1,1,0,1.0,3,168,89.0,2012,16.32,6.85
Australia,6,3,3,0,0,1.0,6,171,131.0,2011/12,23.55,7.62
Australia,2,0,2,0,0,0.0,2,163,0.0,2011,18.35,7.8
Australia,3,1,2,0,0,0.5,3,157,0.0,2010/11,23.0,7.28
Australia,9,6,3,0,0,2.0,9,197,144.0,2010,22.37,8.2
Australia,5,4,0,1,0,4.0,5,214,127.0,2009/10,27.89,9.04
Australia,4,0,3,0,1,0.0,4,169,108.0,2009,19.36,7.27
Australia,5,3,2,0,0,1.5,5,182,0.0,2008/09,22.8,8.07
Australia,1,0,1,0,0,0.0,1,97,0.0,2008,32.33,8.81
Australia,9,5,4,0,0,1.25,9,186,0.0,2007/08,33.26,8.4
Australia,1,1,0,0,0,1.0,1,221,0.0,2006/07,44.2,11.05
Australia,2,1,1,0,0,1.0,2,209,0.0,2005/06,40.8,10.2
Australia,1,0,1,0,0,0.0,1,79,79.0,2005,7.9,5.44
Australia,1,1,0,0,0,1.0,1,214,0.0,2004/05,42.8,10.7
Argentina,1,1,0,0,0,1.0,1,103,0.0,2024/25,51.5,13.43
Argentina,2,2,0,0,0,2.0,2,125,0.0,2023/24,29.66,7.12
Argentina,6,1,5,0,0,0.2,6,125,77.0,2022/23,13.2,5.53
Argentina,6,2,4,0,0,0.5,6,171,109.0,2021/22,20.67,6.48
Argentina,5,5,0,0,0,5.0,5,111,0.0,2019/20,17.34,6.0
Afghanistan,8,5,3,0,0,1.6666666666666667,8,183,56.0,2024,18.36,7.04
Afghanistan,12,5,6,1,0,0.8333333333333334,12,212,111.0,2023/24,21.4,8.23
Afghanistan,5,2,2,0,1,1.0,5,154,116.0,2023,17.54,6.69
Afghanistan,9,4,5,0,0,0.8,9,166,112.0,2022/23,21.33,6.97
Afghanistan,13,7,6,0,0,1.1666666666666667,13,189,0.0,2022,24.83,7.74
Afghanistan,7,3,4,0,0,0.75,7,190,94.0,2021/22,23.33,7.24
Afghanistan,3,3,0,0,0,3.0,3,198,0.0,2020/21,33.76,9.56
Afghanistan,6,4,1,1,0,4.0,6,184,0.0,2019/20,22.4,7.79
Afghanistan,4,2,2,0,0,1.0,4,197,0.0,2019,25.15,8.17
Afghanistan,3,3,0,0,0,3.0,3,278,0.0,2018/19,41.6,10.51
Afghanistan,5,5,0,0,0,5.0,5,167,0.0,2018,23.24,7.92
Afghanistan,2,2,0,0,0,2.0,2,158,0.0,2017/18,19.92,8.04
Afghanistan,3,0,3,0,0,0.0,3,146,93.0,2017,13.42,6.52
Afghanistan,10,10,0,0,0,10.0,10,233,0.0,2016/17,33.72,8.92
Afghanistan,17,12,5,0,0,2.4,17,215,160.0,2015/16,24.85,8.27
Afghanistan,6,5,1,0,0,5.0,6,210,0.0,2015,31.96,8.37
Afghanistan,10,4,6,0,0,0.6666666666666666,10,171,72.0,2013/14,17.15,6.92
Afghanistan,4,2,2,0,0,1.0,4,140,80.0,2012/13,16.26,6.56
Afghanistan,3,2,1,0,0,2.0,3,174,0.0,2011/12,22.66,7.97
Afghanistan,2,0,2,0,0,0.0,2,115,80.0,2010,10.83,5.41
Afghanistan,6,4,2,0,0,2.0,6,147,0.0,2009/10,20.22,6.89
