Team,Mat,Won,Lost,Tied,NR,W/L,Ave,RPO,Inns,HS,LS,Season
Zimbabwe,5,5,0,0,0,-,43.6,12.82,5,344,-,2024/25
Zimbabwe,10,2,8,0,0,0.250,17.48,7.16,10,159,124,2024
Zimbabwe,17,8,9,0,0,0.888,24.03,7.81,17,217,82,2023/24
Zimbabwe,11,5,5,0,1,1.000,16.94,7.13,11,174,115,2022/23
Zimbabwe,16,9,7,0,0,1.285,22.45,7.75,16,236,95,2022
Zimbabwe,14,6,8,0,0,0.750,20.6,7.22,14,193,138,2021
Zimbabwe,6,0,6,0,0,0.000,19.38,7.28,6,156,148,2020/21
Zimbabwe,6,3,3,0,0,1.000,24.56,7.98,6,177,152,2019/20
Zimbabwe,8,2,5,1,0,0.400,22.01,8.23,8,172,136,2019
Zimbabwe,2,0,2,0,0,0.000,15.17,6.91,2,132,126,2018/19
Zimbabwe,4,0,4,0,0,0.000,17.74,7.06,4,162,108,2018
Zimbabwe,2,0,2,0,0,0.000,18.64,6.52,2,141,-,2017/18
Zimbabwe,3,1,2,0,0,0.500,19.23,6.73,3,170,-,2016
Zimbabwe,15,5,10,0,0,0.500,20.15,7.59,15,190,127,2015/16
Zimbabwe,5,1,4,0,0,0.250,23.67,7.34,5,175,-,2015
Zimbabwe,3,2,1,0,0,2.000,28.46,7.95,3,163,-,2013/14
Zimbabwe,4,1,3,0,0,0.333,23.92,7.47,4,168,-,2013
Zimbabwe,4,0,4,0,0,0.000,13.75,5.67,4,130,100,2012/13
Zimbabwe,4,0,4,0,0,0.000,22.71,8.27,4,200,154,2011/12
Zimbabwe,2,0,2,0,0,0.000,14.64,7.04,2,136,113,2011
Zimbabwe,2,0,2,0,0,0.000,32.18,8.85,2,186,-,2010/11
Zimbabwe,4,0,4,0,0,0.000,14.56,6.04,4,140,84,2010
Zimbabwe,1,1,0,0,0,-,10.50,5.29,1,105,105,2009/10
Zimbabwe,4,1,2,1,0,0.500,17.73,6.9,4,184,-,2008/09
Zimbabwe,2,1,1,0,0,1.000,23.08,6.95,2,139,-,2007/08
Zimbabwe,1,0,1,0,0,0.000,13.66,6.15,1,123,-,2006/07
World-XI,3,1,2,0,0,0.500,27.88,8.38,3,177,-,2017/18
West Indies,3,1,2,0,0,0.500,18.73,7.78,3,180,89,2024/25
West Indies,13,11,2,0,0,5.500,32.92,9.27,13,218,-,2024
West Indies,8,4,4,0,0,1.000,26.27,9.96,8,222,192,2023/24
West Indies,5,3,2,0,0,1.500,28.0,8.38,5,178,-,2023
West Indies,8,3,5,0,0,0.600,22.35,8.85,8,258,118,2022/23
West Indies,11,4,6,0,1,0.666,22.24,7.66,10,193,100,2022
West Indies,16,4,12,0,0,0.333,23.91,8.08,16,224,55,2021/22
West Indies,14,6,5,0,3,1.200,27.62,8.66,14,199,-,2021
West Indies,6,2,3,0,1,0.666,18.9,8.47,6,180,117,2020/21
West Indies,11,5,5,0,1,1.000,32.62,8.81,11,207,-,2019/20
West Indies,3,0,3,0,0,0.000,17.84,6.10,3,146,-,2019
West Indies,9,2,7,0,0,0.285,16.92,7.67,9,190,45,2018/19
West Indies,7,2,5,0,0,0.400,19.20,7.72,7,199,60,2018
West Indies,3,0,2,0,1,0.000,13.89,7.43,2,140,124,2017/18
West Indies,9,6,3,0,0,2.000,26.48,7.58,9,194,-,2017
West Indies,3,0,3,0,0,0.000,15.08,6.05,3,144,115,2016/17
West Indies,2,1,0,0,1,-,24.25,9.78,2,245,143,2016
West Indies,8,6,2,0,0,3.000,26.68,8.07,8,196,185,2015/16
West Indies,3,2,1,0,0,2.000,24.09,9.19,3,236,126,2014/15
West Indies,3,1,1,0,1,1.000,21.21,7.81,2,165,-,2014
West Indies,12,6,6,0,0,1.000,23.13,7.26,12,179,-,2013/14
West Indies,2,0,2,0,0,0.000,17.25,6.9,2,152,-,2013
West Indies,11,7,2,1,1,3.500,29.07,8.46,10,205,139,2012/13
West Indies,3,2,1,0,0,2.000,50.72,9.3,3,209,-,2012
West Indies,3,1,2,0,0,0.500,17.68,7.4,3,160,160,2011/12
West Indies,4,2,2,0,0,1.000,19.66,6.66,4,150,125,2011
West Indies,7,3,4,0,0,0.750,16.38,6.83,7,169,105,2010
West Indies,3,0,3,0,0,0.000,16.27,5.96,3,141,-,2009/10
West Indies,7,4,3,0,0,1.333,24.25,8.26,7,177,101,2009
West Indies,3,1,1,1,0,1.000,22.78,7.46,3,155,-,2008/09
West Indies,1,1,0,0,0,-,34.00,11.12,1,102,-,2008
West Indies,4,1,3,0,0,0.333,21.53,8.01,4,205,-,2007/08
West Indies,2,1,1,0,0,1.000,25.13,9.42,2,208,-,2007
West Indies,1,0,0,1,0,0.000,18.00,6.3,1,126,-,2005/06
Vanuatu,6,1,5,0,0,0.200,22.16,7.75,6,180,-,2024
Vanuatu,5,1,4,0,0,0.250,14.26,5.49,5,128,110,2023/24
Vanuatu,6,2,4,0,0,0.500,13.23,5.43,6,137,97,2023
Vanuatu,3,3,0,0,0,-,24.36,8.93,3,223,-,2022/23
Vanuatu,6,5,1,0,0,5.000,29.06,7.93,6,173,127,2022
Vanuatu,5,3,2,0,0,1.500,22.82,8.05,5,188,108,2019/20
Vanuatu,5,1,4,0,0,0.250,15.39,6.50,5,180,77,2019
Vanuatu,4,1,3,0,0,0.333,16.90,6.41,4,156,-,2018/19
Uganda,2,1,1,0,0,1.000,17.3,6.48,2,93,-,2024/25
Uganda,4,1,3,0,0,0.333,5.81,3.3,4,78,39,2024
Uganda,15,12,3,0,0,4.000,24.32,7.56,15,206,113,2023/24
Uganda,22,20,2,0,0,10.000,24.16,8.27,22,192,97,2023
Uganda,12,9,1,0,2,9.000,18.76,7.98,10,185,108,2022/23
Uganda,13,9,4,0,0,2.250,21.74,6.64,13,178,110,2022
Uganda,12,11,1,0,0,11.000,31.21,7.6,12,176,-,2021/22
Uganda,10,5,4,0,1,1.250,20.1,6.82,9,172,124,2021
Uganda,3,1,2,0,0,0.500,22.15,7.01,3,161,-,2019/20
Uganda,4,2,2,0,0,1.000,19.55,7.02,4,144,-,2019
U.S.A.,3,0,2,1,0,0.000,23.65,7.88,3,170,-,2024/25
U.S.A.,21,11,8,1,1,1.375,22.99,7.93,20,230,115,2024
U.S.A.,5,2,3,0,0,0.666,20.25,7.51,5,201,92,2022
U.S.A.,8,6,1,1,0,6.000,28.88,8.25,8,188,172,2021/22
U.S.A.,6,2,4,0,0,0.500,19.66,6.76,6,158,-,2019
U.S.A.,2,0,1,0,1,0.000,23.84,8.85,2,158,-,2018/19
U.A.E.,10,8,2,0,0,4.000,39.26,9.74,10,245,-,2024
U.A.E.,15,7,8,0,0,0.875,21.62,7.24,15,176,62,2023/24
U.A.E.,9,5,4,0,0,1.250,28.14,8.12,9,191,136,2023
U.A.E.,6,2,4,0,0,0.500,23.48,6.7,6,163,73,2022/23
U.A.E.,5,1,4,0,0,0.250,20.21,7.74,5,173,147,2022
U.A.E.,12,8,4,0,0,2.000,30.06,8.32,12,192,-,2021/22
U.A.E.,13,9,4,0,0,2.250,19.29,7.26,13,199,108,2019/20
U.A.E.,4,4,0,0,0,-,29.80,7.90,4,181,-,2019
U.A.E.,6,2,3,0,1,0.666,17.38,7.30,6,182,107,2018/19
U.A.E.,3,3,0,0,0,-,32.07,7.67,3,180,-,2017
U.A.E.,5,0,5,0,0,0.000,22.90,7.56,5,179,-,2016/17
U.A.E.,12,6,6,0,0,1.000,17.32,6.46,12,176,73,2015/16
U.A.E.,3,0,3,0,0,0.000,17.04,6.73,3,164,109,2015
U.A.E.,3,0,3,0,0,0.000,15.60,6.51,3,151,151,2013/14
Turkey,4,0,4,0,0,0.000,9.94,5.18,4,127,74,2024
Turkey,4,1,2,0,1,0.500,15.72,7.86,3,147,111,2023
Turkey,4,0,4,0,0,0.000,8.55,4.29,4,97,48,2022
Turkey,4,0,4,0,0,0.000,3.35,3.20,4,53,21,2019
Thailand,4,4,0,0,0,-,26.57,7.59,4,171,-,2024/25
Thailand,5,3,2,0,0,1.500,14.67,6.14,5,145,90,2024
Thailand,8,5,3,0,0,1.666,24.8,7.32,8,132,120,2023/24
Thailand,8,3,5,0,0,0.600,12.25,5.25,8,140,53,2023
Thailand,6,0,6,0,0,0.000,7.2,3.98,6,107,30,2022
Thailand,4,0,4,0,0,0.000,8.75,4.1,4,96,66,2019/20
Thailand,4,1,3,0,0,0.333,19.40,6.61,4,154,-,2019
Tanzania,5,5,0,0,0,-,21.28,7.81,5,183,119,2024
Tanzania,12,2,10,0,0,0.200,13.15,5.5,12,153,83,2023/24
Tanzania,12,6,6,0,0,1.000,20.06,7.67,12,180,111,2023
Tanzania,24,17,4,0,3,4.250,19.56,7.8,23,218,137,2022/23
Tanzania,5,4,1,0,0,4.000,29.2,8.55,5,174,-,2022
Tanzania,10,7,3,0,0,2.333,22.05,8.37,10,242,68,2021/22
Switzerland,4,2,2,0,0,1.000,18.3,7.36,4,172,52,2024
Switzerland,7,6,1,0,0,6.000,38.65,8.3,7,166,-,2023
Switzerland,7,3,4,0,0,0.750,19.16,7.36,7,183,108,2022
Switzerland,4,3,1,0,0,3.000,26.8,8.83,4,170,-,2021/22
Sweden,4,2,2,0,0,1.000,22.32,9.96,4,218,132,2024
Sweden,5,2,2,1,0,1.000,15.91,6.74,5,176,96,2023
Sweden,9,3,6,0,0,0.500,15.98,6.15,9,150,78,2022
Sweden,7,3,4,0,0,0.750,19.08,6.89,7,146,-,2021
Swaziland,6,1,5,0,0,0.200,12.84,6.07,6,194,72,2021/22
St Helena,7,2,3,0,2,0.666,13.02,5.92,5,126,105,2022/23
Sri Lanka,3,2,1,0,0,2.000,39.0,8.74,3,179,-,2024/25
Sri Lanka,6,1,4,1,0,0.250,16.73,7.34,6,201,77,2024
Sri Lanka,9,6,3,0,0,2.000,29.47,8.84,9,206,160,2023/24
Sri Lanka,1,0,1,0,0,0.000,10.8,5.63,1,108,108,2023
Sri Lanka,14,5,8,1,0,0.625,21.25,7.94,14,206,102,2022/23
Sri Lanka,9,6,3,0,0,2.000,21.32,7.82,9,184,105,2022
Sri Lanka,16,6,9,1,0,0.666,23.47,7.65,16,189,137,2021/22
Sri Lanka,9,2,7,0,0,0.285,15.37,6.07,9,135,91,2021
Sri Lanka,3,1,2,0,0,0.500,22.21,7.03,3,160,-,2020/21
Sri Lanka,11,3,7,0,1,0.428,18.5,7.43,10,182,117,2019/20
Sri Lanka,3,1,2,0,0,0.500,21.90,7.66,3,174,-,2019
Sri Lanka,5,0,4,1,0,0.000,16.00,7.95,5,164,137,2018/19
Sri Lanka,1,1,0,0,0,-,14.14,6.18,1,99,-,2018
Sri Lanka,12,3,9,0,0,0.333,20.98,8.26,12,214,87,2017/18
Sri Lanka,1,0,1,0,0,0.000,24.28,8.50,1,170,-,2017
Sri Lanka,8,5,3,0,0,1.666,21.43,8.16,8,176,131,2016/17
Sri Lanka,3,0,3,0,0,0.000,15.92,7.43,3,178,140,2016
Sri Lanka,15,4,11,0,0,0.363,18.31,7.09,15,215,82,2015/16
Sri Lanka,2,0,2,0,0,0.000,22.71,7.95,2,172,-,2015
Sri Lanka,1,1,0,0,0,-,26.14,9.15,1,183,-,2014
Sri Lanka,11,9,2,0,0,4.500,28.51,7.98,11,211,119,2013/14
Sri Lanka,3,1,2,0,0,0.500,19.50,6.7,3,164,-,2013
Sri Lanka,11,7,2,1,1,3.500,28.90,7.94,11,198,101,2012/13
Sri Lanka,3,1,2,0,0,0.500,12.85,6.05,3,132,99,2012
Sri Lanka,1,0,1,0,0,0.000,14.10,7.23,1,141,141,2011/12
Sri Lanka,3,3,0,0,0,-,37.84,8.58,3,198,-,2011
Sri Lanka,1,1,0,0,0,-,45.00,8.18,1,135,-,2010/11
Sri Lanka,8,4,4,0,0,1.000,21.18,6.99,8,195,87,2010
Sri Lanka,2,1,1,0,0,1.000,35.08,10.52,2,215,-,2009/10
Sri Lanka,10,6,4,0,0,1.500,22.14,7.63,10,192,120,2009
Sri Lanka,5,3,2,0,0,1.500,23.36,7.37,5,171,-,2008/09
Sri Lanka,5,3,2,0,0,1.500,25.21,8.46,5,260,101,2007/08
Sri Lanka,2,1,1,0,0,1.000,16.09,7.32,2,115,115,2006/07
Sri Lanka,1,1,0,0,0,-,16.30,8.15,1,163,163,2006
Spain,11,11,0,0,0,-,27.3,8.82,11,230,-,2024
Spain,10,7,2,0,1,3.500,24.68,8.07,10,177,95,2022/23
Spain,9,6,3,0,0,2.000,19.66,6.96,9,150,107,2022
Spain,3,2,1,0,0,2.000,17.33,6.29,3,128,-,2021
Spain,6,5,1,0,0,5.000,32.9,6.68,6,143,-,2019/20
Spain,5,4,1,0,0,4.000,28.32,8.24,5,206,103,2019
South Korea,6,0,6,0,0,0.000,10.5,4.65,6,141,47,2024
South Korea,4,0,4,0,0,0.000,13.28,5.75,4,170,66,2022/23
South Africa,2,1,1,0,0,1.000,32.63,9.53,2,185,-,2024/25
South Africa,15,8,7,0,0,1.142,21.87,7.54,15,194,147,2024
South Africa,5,1,4,0,0,0.250,17.51,8.63,5,190,95,2023/24
South Africa,11,4,6,0,1,0.666,30.55,9.66,11,259,-,2022/23
South Africa,10,6,3,0,1,2.000,28.41,9.0,9,212,87,2022
South Africa,5,4,1,0,0,4.000,29.69,7.45,5,189,-,2021/22
South Africa,15,10,5,0,0,2.000,29.44,8.44,15,203,144,2021
South Africa,6,1,5,0,0,0.200,30.03,8.51,6,191,-,2020/21
South Africa,8,3,5,0,0,0.600,24.17,8.39,8,222,89,2019/20
South Africa,9,7,1,1,0,7.000,30.55,8.66,9,198,-,2018/19
South Africa,1,0,1,0,0,0.000,9.80,5.88,1,98,98,2018
South Africa,5,3,2,0,0,1.500,35.11,9.60,5,224,-,2017/18
South Africa,3,1,2,0,0,0.500,26.55,7.96,3,174,-,2017
South Africa,4,2,2,0,0,1.000,22.80,8.53,4,185,113,2016/17
South Africa,11,7,4,0,0,1.750,35.09,8.75,11,229,-,2015/16
South Africa,4,3,1,0,0,3.000,30.70,7.88,4,169,-,2015
South Africa,6,2,4,0,0,0.500,32.73,8.25,6,231,-,2014/15
South Africa,11,6,5,0,0,1.200,28.47,8.05,11,196,-,2013/14
South Africa,3,2,1,0,0,2.000,28.20,7.05,3,163,-,2013
South Africa,9,4,5,0,0,0.800,23.60,7.92,9,179,100,2012/13
South Africa,3,1,1,0,1,1.000,22.00,7.33,3,119,-,2012
South Africa,6,4,2,0,0,2.000,30.27,8.67,6,219,-,2011/12
South Africa,5,4,1,0,0,4.000,29.03,8.13,5,194,-,2010/11
South Africa,7,4,3,0,0,1.333,21.34,7.21,7,172,129,2010
South Africa,2,1,1,0,0,1.000,40.88,11.15,2,241,-,2009/10
South Africa,6,5,1,0,0,5.000,28.37,7.67,6,211,-,2009
South Africa,5,3,2,0,0,1.500,22.09,7.98,5,168,130,2008/09
South Africa,8,6,2,0,0,3.000,23.51,7.47,8,208,-,2007/08
South Africa,2,1,1,0,0,1.000,28.66,8.19,2,132,-,2006/07
South Africa,3,1,2,0,0,0.500,18.66,7.72,3,201,114,2005/06
Slovenia,6,3,3,0,0,1.000,15.4,6.35,6,171,49,2024
Slovenia,4,0,4,0,0,0.000,10.59,5.44,4,140,55,2022
Singapore,6,4,2,0,0,2.000,23.96,8.61,6,181,-,2024
Singapore,8,3,5,0,0,0.600,21.92,7.95,8,216,109,2023/24
Singapore,5,3,2,0,0,1.500,19.17,7.65,5,181,87,2023
Singapore,7,0,6,1,0,0.000,16.3,6.88,7,168,80,2022/23
Singapore,13,2,11,0,0,0.181,17.8,7.21,13,203,69,2022
Singapore,12,6,6,0,0,1.000,22.45,7.98,12,239,101,2019/20
Singapore,3,3,0,0,0,-,31.53,8.86,3,191,-,2019
Sierra Leone,16,5,11,0,0,0.454,11.93,5.01,16,121,49,2023/24
Sierra Leone,7,4,3,0,0,1.333,12.93,6.3,7,150,57,2022/23
Sierra Leone,10,3,7,0,0,0.428,11.82,4.83,10,100,55,2021/22
Seychelles,5,0,5,0,0,0.000,8.51,4.25,5,98,74,2024/25
Seychelles,7,0,4,0,3,0.000,17.71,6.33,6,162,123,2022/23
Seychelles,6,2,4,0,0,0.500,13.9,5.69,6,132,95,2021/22
Serbia,9,1,8,0,0,0.125,13.22,5.36,9,160,68,2024
Serbia,2,0,2,0,0,0.000,12.6,4.86,2,107,82,2023/24
Serbia,4,3,0,0,1,-,30.42,8.93,3,181,-,2023
Serbia,12,4,8,0,0,0.500,25.02,7.58,12,242,90,2022
Serbia,4,0,4,0,0,0.000,15.81,6.58,4,147,100,2021
Serbia,2,0,2,0,0,0.000,13.0,5.88,2,156,52,2019/20
Scotland,10,3,6,0,1,0.500,21.96,8.21,10,180,126,2024
Scotland,3,2,1,0,0,2.000,13.92,6.06,3,147,94,2023/24
Scotland,6,6,0,0,0,-,44.0,10.44,6,245,-,2023
Scotland,3,1,2,0,0,0.500,29.25,7.8,3,176,-,2022/23
Scotland,2,0,2,0,0,0.000,18.17,7.72,2,157,-,2022
Scotland,10,4,6,0,0,0.666,18.08,6.82,10,165,60,2021/22
Scotland,3,1,2,0,0,0.500,22.2,7.44,3,177,126,2021
Scotland,8,5,3,0,0,1.666,25.32,8.28,8,204,-,2019/20
Scotland,4,2,2,0,0,1.000,37.80,10.30,4,252,-,2019
Scotland,3,2,1,0,0,2.000,32.07,8.31,3,181,-,2018/19
Scotland,6,2,3,1,0,0.666,31.09,8.58,6,221,82,2018
Scotland,4,3,1,0,0,3.000,25.39,7.87,4,189,113,2016/17
Scotland,7,3,4,0,0,0.750,18.63,7.44,7,161,136,2015/16
Scotland,8,4,2,0,2,2.000,25.76,9.14,6,173,159,2015
Scotland,4,1,3,0,0,0.333,21.42,7.59,4,165,91,2013/14
Scotland,2,2,0,0,0,-,24.33,5.68,2,113,-,2013
Scotland,2,0,2,0,0,0.000,18.76,6.1,2,139,-,2012/13
Scotland,1,1,0,0,0,-,23.14,8.1,1,162,-,2012
Scotland,4,2,2,0,0,1.000,23.92,7.77,4,178,-,2011/12
Scotland,4,0,4,0,0,0.000,11.78,5.75,4,123,99,2009/10
Scotland,2,0,2,0,0,0.000,12.14,7.5,2,89,81,2009
Scotland,4,2,2,0,0,1.000,20.52,5.68,4,117,117,2008
Scotland,2,0,1,0,1,0.000,12.00,6.05,1,120,120,2007/08
Saudi Arabia,4,1,3,0,0,0.333,16.57,8.14,4,202,134,2024
Saudi Arabia,15,14,1,0,0,14.000,37.74,8.88,15,221,-,2023/24
Saudi Arabia,5,0,5,0,0,0.000,15.82,6.57,5,148,110,2023
Saudi Arabia,7,2,5,0,0,0.400,17.16,6.42,7,155,-,2022/23
Saudi Arabia,4,2,2,0,0,1.000,22.54,7.29,4,161,-,2021/22
Saudi Arabia,3,1,2,0,0,0.500,18.0,7.47,3,138,113,2019/20
Saudi Arabia,5,3,2,0,0,1.500,25.03,8.58,5,163,126,2018/19
Samoa,6,4,2,0,0,2.000,22.05,8.08,6,183,104,2024
Samoa,3,0,3,0,0,0.000,15.03,7.11,3,148,139,2022/23
Samoa,6,1,5,0,0,0.200,17.5,7.01,6,157,117,2022
Samoa,4,1,3,0,0,0.333,14.83,6.37,4,148,81,2019
Rwanda,9,4,5,0,0,0.800,16.74,5.86,9,146,91,2024/25
Rwanda,6,1,5,0,0,0.200,27.67,7.35,6,176,118,2024
Rwanda,21,7,12,1,1,0.583,11.83,5.19,20,154,24,2023/24
Rwanda,21,3,18,0,0,0.166,13.86,6.48,21,174,59,2023
Rwanda,24,6,17,0,1,0.352,12.63,5.82,24,192,35,2022/23
Rwanda,6,3,3,0,0,1.000,16.09,7.65,6,196,63,2021/22
Rwanda,5,2,3,0,0,0.666,18.14,7.28,5,165,-,2021
Romania,8,6,2,0,0,3.000,23.4,7.95,8,192,84,2024
Romania,10,4,6,0,0,0.666,21.3,7.72,10,190,103,2023
Romania,11,6,5,0,0,1.200,24.6,7.87,11,193,104,2022
Romania,9,9,0,0,0,-,27.96,10.63,9,211,156,2021
Romania,4,3,1,0,0,3.000,23.31,8.22,4,209,95,2020/21
Romania,4,3,1,0,0,3.000,24.28,8.03,4,226,-,2019
Qatar,4,2,2,0,0,1.000,20.59,8.52,4,178,-,2024
Qatar,9,3,5,1,0,0.600,23.96,7.94,9,201,109,2023/24
Qatar,5,3,2,0,0,1.500,21.9,7.01,5,156,106,2023
Qatar,7,3,2,0,2,1.500,27.57,8.56,5,165,-,2022/23
Qatar,4,3,1,0,0,3.000,22.83,7.66,4,154,-,2021/22
Qatar,10,7,3,0,0,2.333,27.12,7.68,10,201,94,2019/20
Qatar,7,3,3,1,0,1.000,21.66,7.79,7,206,-,2019
Qatar,5,3,1,1,0,3.000,31.16,8.62,5,205,-,2018/19
Portugal,5,2,3,0,0,0.666,18.57,7.07,5,174,142,2024
Portugal,9,9,0,0,0,-,28.72,8.95,9,208,162,2023
Portugal,5,3,2,0,0,1.500,16.48,6.52,5,155,77,2022
Portugal,4,4,0,0,0,-,28.72,9.44,4,218,-,2021
Portugal,4,2,2,0,0,1.000,15.81,5.65,4,116,114,2019/20
Philippines,7,3,4,0,0,0.750,15.66,5.96,7,178,-,2024
Philippines,6,3,2,1,0,1.500,20.21,7.68,6,158,-,2023/24
Philippines,8,1,7,0,0,0.142,14.01,5.49,8,174,45,2023
Philippines,5,0,5,0,0,0.000,10.62,4.45,5,109,36,2021/22
Philippines,4,1,2,0,1,0.500,11.65,4.95,4,93,-,2018/19
Peru,4,2,2,0,0,1.000,14.0,6.16,4,153,85,2019/20
Panama,4,0,4,0,0,0.000,9.37,4.21,4,90,67,2023/24
Panama,4,1,3,0,0,0.333,15.21,6.28,4,139,126,2022/23
Panama,6,1,5,0,0,0.200,11.72,5.09,6,139,37,2021/22
Panama,3,2,1,0,0,2.000,24.05,7.34,3,148,-,2019
Pakistan,14,6,6,1,1,1.000,25.8,8.22,13,195,157,2024
Pakistan,5,1,4,0,0,0.250,20.6,8.45,5,180,173,2023/24
Pakistan,8,3,4,0,1,0.750,20.98,8.54,7,193,115,2023
Pakistan,15,9,6,0,0,1.500,23.96,7.55,15,185,-,2022/23
Pakistan,13,6,7,0,0,0.857,23.16,8.03,13,203,121,2022
Pakistan,13,11,2,0,0,5.500,36.18,8.33,13,208,-,2021/22
Pakistan,14,7,4,0,3,1.750,24.91,8.24,11,232,99,2021
Pakistan,9,6,3,0,0,2.000,29.14,8.34,9,177,-,2020/21
Pakistan,3,1,1,0,1,1.000,48.12,9.62,2,195,-,2020
Pakistan,8,2,5,0,1,0.400,20.07,6.92,8,150,101,2019/20
Pakistan,1,0,1,0,0,0.000,28.83,8.65,1,173,-,2019
Pakistan,9,7,2,0,0,3.500,25.52,8.09,9,186,-,2018/19
Pakistan,10,9,1,0,0,9.000,36.95,9.08,10,205,116,2018
Pakistan,9,7,2,0,0,3.500,29.57,8.19,9,201,105,2017/18
Pakistan,4,3,1,0,0,3.000,20.44,6.70,4,137,132,2017
Pakistan,3,3,0,0,0,-,54.85,7.75,3,160,-,2016/17
Pakistan,1,1,0,0,0,-,139.00,9.37,1,139,-,2016
Pakistan,16,6,9,1,0,0.666,20.93,7.50,16,201,83,2015/16
Pakistan,5,4,1,0,0,4.000,26.21,8.51,5,176,-,2015
Pakistan,3,1,2,0,0,0.500,16.50,6.25,3,140,127,2014/15
Pakistan,11,5,6,0,0,0.833,21.41,7.5,11,191,82,2013/14
Pakistan,4,4,0,0,0,-,30.14,7.91,4,179,-,2013
Pakistan,9,6,3,0,0,2.000,24.15,7.88,9,195,128,2012/13
Pakistan,5,2,2,1,0,1.000,16.12,5.8,5,151,74,2012
Pakistan,5,3,2,0,0,1.500,19.32,6.71,5,144,112,2011/12
Pakistan,3,2,1,0,0,2.000,24.10,8.03,3,198,-,2011
Pakistan,5,1,4,0,0,0.250,16.53,7.12,5,183,119,2010/11
Pakistan,10,4,6,0,0,0.666,20.42,7.5,10,191,89,2010
Pakistan,5,3,2,0,0,1.500,19.91,7.24,5,161,-,2009/10
Pakistan,9,7,2,0,0,3.500,28.88,7.55,9,175,-,2009
Pakistan,4,3,1,0,0,3.000,21.66,6.59,4,141,-,2008/09
Pakistan,10,8,1,1,0,8.000,26.55,8.36,10,203,152,2007/08
Pakistan,1,0,1,0,0,0.000,16.12,6.45,1,129,-,2006/07
Pakistan,1,1,0,0,0,-,29.60,8.29,1,148,-,2006
P.N.G.,4,0,4,0,0,0.000,10.15,4.9,4,136,77,2024
P.N.G.,8,4,4,0,0,1.000,24.95,7.73,8,206,98,2023/24
P.N.G.,10,10,0,0,0,-,25.16,7.97,10,229,-,2023
P.N.G.,7,3,4,0,0,0.750,20.41,8.29,7,206,97,2022
P.N.G.,10,1,9,0,0,0.111,18.42,7.89,10,199,97,2021/22
P.N.G.,8,6,2,0,0,3.000,23.16,7.47,8,197,118,2019/20
P.N.G.,5,5,0,0,0,-,16.38,7.95,5,181,137,2019
P.N.G.,4,3,0,0,1,-,75.75,10.38,4,216,-,2018/19
P.N.G.,3,0,3,0,0,0.000,15.20,6.51,3,150,102,2017
P.N.G.,3,1,2,0,0,0.500,11.42,5.82,3,116,-,2015/16
P.N.G.,3,2,1,0,0,2.000,21.87,6.60,3,127,-,2015
Oman,19,8,10,1,0,0.800,17.81,7.28,19,200,47,2024
Oman,8,6,1,1,0,6.000,23.5,7.68,8,184,-,2023/24
Oman,6,4,2,0,0,2.000,22.09,7.96,6,175,149,2023
Oman,7,3,4,0,0,0.750,26.45,8.61,7,220,137,2022/23
Oman,11,4,7,0,0,0.571,18.69,6.83,11,165,78,2021/22
Oman,16,11,5,0,0,2.200,22.64,7.19,16,173,107,2019/20
Oman,3,0,3,0,0,0.000,18.30,7.07,3,166,111,2018/19
Oman,4,1,3,0,0,0.333,18.46,7.28,4,149,133,2016/17
Oman,12,4,7,0,1,0.571,19.83,7.04,11,180,132,2015/16
Oman,1,0,1,0,0,0.000,14.11,6.35,1,127,-,2015
Norway,8,7,1,0,0,7.000,23.84,7.82,8,185,69,2024
Norway,5,3,2,0,0,1.500,16.89,7.04,5,183,123,2023
Norway,9,4,5,0,0,0.800,16.74,6.87,9,186,77,2022
Norway,5,2,3,0,0,0.666,15.77,6.39,5,185,76,2021
Norway,5,0,5,0,0,0.000,13.68,5.45,5,151,80,2019
Nigeria,5,2,3,0,0,0.666,19.7,7.33,5,158,-,2024
Nigeria,18,12,5,0,1,2.400,15.46,6.01,18,155,84,2023/24
Nigeria,7,6,0,0,1,-,24.17,7.29,7,221,101,2022/23
Nigeria,12,5,7,0,0,0.714,13.5,5.69,12,134,67,2021/22
Nigeria,6,1,5,0,0,0.200,16.51,5.73,6,133,-,2021
Nigeria,6,0,6,0,0,0.000,12.28,4.61,6,115,71,2019/20
Nigeria,3,2,1,0,0,2.000,15.60,6.54,3,135,119,2019
New Zealand,9,4,4,0,1,1.000,17.57,7.34,9,179,75,2024
New Zealand,11,5,5,0,1,1.000,24.04,8.56,11,226,92,2023/24
New Zealand,12,6,5,0,1,1.200,23.78,8.25,12,202,94,2023
New Zealand,18,9,7,2,0,1.285,25.98,8.27,18,208,66,2022/23
New Zealand,10,9,1,0,0,9.000,35.63,9.6,10,254,-,2022
New Zealand,10,5,5,0,0,1.000,28.3,7.78,10,172,111,2021/22
New Zealand,5,2,3,0,0,0.666,16.54,6.01,5,161,60,2021
New Zealand,14,10,3,0,1,3.333,32.79,9.57,13,238,106,2020/21
New Zealand,10,2,5,3,0,0.400,24.7,8.81,10,203,165,2019/20
New Zealand,3,2,1,0,0,2.000,20.38,7.75,3,175,88,2019
New Zealand,7,3,4,0,0,0.750,24.70,8.66,7,219,119,2018/19
New Zealand,14,5,8,0,1,0.625,26.88,8.98,14,243,153,2017/18
New Zealand,4,3,1,0,0,3.000,25.56,8.77,4,195,107,2016/17
New Zealand,10,8,2,0,0,4.000,28.51,8.50,10,196,155,2015/16
New Zealand,4,2,2,0,0,1.000,22.03,8.65,4,198,135,2015
New Zealand,2,1,1,0,0,1.000,18.60,6.97,2,144,-,2014/15
New Zealand,2,1,1,0,0,1.000,17.35,7.11,2,126,126,2014
New Zealand,8,5,3,0,0,1.666,25.11,8.13,8,204,60,2013/14
New Zealand,2,1,0,0,1,-,50.25,10.05,1,201,-,2013
New Zealand,12,3,6,2,1,0.500,21.63,7.76,12,192,86,2012/13
New Zealand,3,1,2,0,0,0.500,18.95,7.62,3,167,116,2012
New Zealand,7,5,2,0,0,2.500,44.57,9.1,7,202,-,2011/12
New Zealand,3,2,1,0,0,2.000,18.68,7.75,3,185,80,2010/11
New Zealand,7,4,3,0,0,1.333,17.71,6.49,7,157,81,2010
New Zealand,5,1,3,1,0,0.333,22.30,7.7,5,214,112,2009/10
New Zealand,7,4,3,0,0,1.333,20.77,7.69,7,198,99,2009
New Zealand,5,3,1,1,0,3.000,27.96,8.2,5,191,-,2008/09
New Zealand,1,0,1,0,0,0.000,13.66,6.15,1,123,-,2008
New Zealand,10,3,7,0,0,0.428,18.51,7.78,10,190,132,2007/08
New Zealand,2,1,1,0,0,1.000,21.38,7.22,2,162,-,2006/07
New Zealand,2,1,0,1,0,-,20.00,6.84,2,134,-,2005/06
New Zealand,1,0,1,0,0,0.000,17.00,8.5,1,170,170,2004/05
Netherlands,12,5,7,0,0,0.714,18.76,7.29,12,217,87,2024
Netherlands,5,3,1,0,1,3.000,29.6,9.36,4,247,120,2023/24
Netherlands,8,4,4,0,0,1.000,17.36,6.4,8,158,135,2022/23
Netherlands,7,4,3,0,0,1.333,24.5,7.52,7,187,95,2022
Netherlands,3,0,3,0,0,0.000,13.08,6.28,3,164,44,2021/22
Netherlands,5,2,2,1,0,1.000,27.37,8.22,5,209,96,2021
Netherlands,13,9,4,0,0,2.250,25.7,7.52,13,206,94,2019/20
Netherlands,9,2,6,1,0,0.333,22.90,8.05,9,199,123,2019
Netherlands,3,2,1,0,0,2.000,35.92,8.57,3,182,-,2018/19
Netherlands,5,2,2,0,1,1.000,21.22,8.30,5,174,106,2018
Netherlands,3,1,2,0,0,0.500,15.24,7.03,3,148,92,2016/17
Netherlands,5,2,2,0,1,1.000,17.18,7.21,4,157,103,2015/16
Netherlands,8,6,2,0,0,3.000,25.41,7.54,8,191,130,2015
Netherlands,11,6,5,0,0,1.200,24.46,7.62,11,193,39,2013/14
Netherlands,2,0,2,0,0,0.000,19.00,7.37,2,172,113,2013
Netherlands,2,1,1,0,0,1.000,17.18,6.87,2,144,-,2012
Netherlands,4,2,2,0,0,1.000,21.80,7.16,4,169,-,2011/12
Netherlands,4,3,1,0,0,3.000,21.60,6.83,4,146,86,2009/10
Netherlands,2,1,1,0,0,1.000,16.00,6.82,2,163,93,2009
Netherlands,4,2,1,0,1,2.000,18.00,6.35,3,153,97,2008
Nepal,3,2,0,1,0,-,28.88,8.36,3,170,-,2024/25
Nepal,13,6,7,0,0,0.857,18.57,7.14,13,210,85,2024
Nepal,19,10,7,1,1,1.428,24.82,8.54,18,213,85,2023/24
Nepal,3,2,1,0,0,2.000,37.1,11.75,3,314,-,2023
Nepal,5,3,2,0,0,1.500,18.27,6.9,5,175,114,2022
Nepal,13,10,3,0,0,3.333,26.32,7.93,13,223,107,2021/22
Nepal,5,4,1,0,0,4.000,50.83,10.49,5,238,-,2021
Nepal,13,7,6,0,0,1.166,19.92,7.42,13,236,64,2019/20
Nepal,6,4,2,0,0,2.000,21.77,7.82,6,173,109,2019
Nepal,3,2,1,0,0,2.000,16.52,7.01,3,132,-,2018/19
Nepal,1,0,0,0,1,0.000,-,-,0,0,-,2018
Nepal,7,1,6,0,0,0.166,11.30,5.41,7,141,53,2015
Nepal,1,0,1,0,0,0.000,7.20,3.6,1,72,72,2014/15
Nepal,3,2,1,0,0,2.000,23.11,6.93,3,149,-,2013/14
Namibia,13,3,9,1,0,0.333,19.6,7.1,13,212,72,2024
Namibia,18,12,5,0,1,2.400,29.09,7.84,18,207,101,2023/24
Namibia,3,1,2,0,0,0.500,20.23,7.08,3,163,-,2022/23
Namibia,8,5,3,0,0,1.666,29.4,7.5,8,185,-,2022
Namibia,11,6,5,0,0,1.200,20.84,6.82,11,174,96,2021/22
Namibia,3,3,0,0,0,-,38.16,8.35,3,189,-,2021
Namibia,9,5,4,0,0,1.250,19.0,7.36,9,191,96,2019/20
Namibia,7,7,0,0,0,-,40.08,9.46,7,240,-,2019
Myanmar,6,1,5,0,0,0.200,8.51,3.48,6,132,45,2024
Myanmar,3,1,2,0,0,0.500,8.8,3.84,3,82,-,2023/24
Myanmar,4,0,4,0,0,0.000,6.08,3.13,4,77,35,2023
Mozambique,5,3,2,0,0,1.500,17.33,6.25,5,158,56,2024/25
Mozambique,3,1,2,0,0,0.500,14.27,5.76,3,110,98,2023/24
Mozambique,3,1,2,0,0,0.500,14.1,4.7,3,132,-,2023
Mozambique,7,5,2,0,0,2.500,29.8,6.46,7,151,-,2022/23
Mozambique,9,6,3,0,0,2.000,25.04,7.52,9,207,93,2022
Mozambique,4,1,3,0,0,0.333,16.96,7.01,4,209,100,2021/22
Mozambique,7,1,5,0,1,0.200,16.3,6.72,7,169,104,2019/20
Mongolia,13,0,12,0,1,0.000,4.04,2.52,13,75,10,2024
Mongolia,2,0,2,0,0,0.000,5.31,3.04,2,60,41,2023
Mexico,2,0,2,0,0,0.000,13.29,5.65,2,125,125,2024/25
Mexico,5,3,2,0,0,1.500,11.5,4.75,5,106,78,2024
Mexico,2,1,1,0,0,1.000,18.0,5.94,2,124,-,2023/24
Mexico,5,2,3,0,0,0.666,12.57,5.55,5,132,-,2019/20
Mexico,3,1,2,0,0,0.500,16.22,6.01,3,134,-,2019
Malta,9,1,8,0,0,0.125,17.52,7.01,9,211,84,2024
Malta,21,8,13,0,0,0.615,19.26,7.71,21,187,63,2023
Malta,13,7,6,0,0,1.166,20.8,7.92,13,206,40,2022
Malta,5,3,1,1,0,3.000,23.68,8.63,5,213,145,2021/22
Malta,13,5,8,0,0,0.625,19.44,7.31,13,197,50,2021
Malta,3,2,0,0,1,-,40.1,10.32,2,216,-,2020
Malta,2,0,2,0,0,0.000,12.90,7.55,2,136,122,2019/20
Malta,2,0,2,0,0,0.000,10.26,4.89,2,98,97,2019
Mali,5,0,5,0,0,0.000,3.56,2.67,5,57,18,2024
Mali,3,0,3,0,0,0.000,6.71,3.81,3,112,37,2023/24
Mali,7,0,5,0,2,0.000,6.05,4.05,6,107,30,2022/23
Maldives,4,2,2,0,0,1.000,30.0,5.98,4,123,-,2024/25
Maldives,6,2,4,0,0,0.500,17.05,5.98,6,178,-,2024
Maldives,14,2,12,0,0,0.166,15.22,6.09,14,159,76,2023/24
Maldives,2,1,1,0,0,1.000,12.36,5.16,2,74,74,2023
Maldives,6,2,4,0,0,0.500,12.97,5.55,6,136,97,2022
Maldives,4,0,4,0,0,0.000,9.07,4.37,4,103,56,2021/22
Maldives,6,1,5,0,0,0.200,15.02,5.47,6,129,-,2019/20
Maldives,4,1,2,0,1,0.500,16.54,7.02,3,153,113,2019
Maldives,4,0,4,0,0,0.000,17.20,6.55,4,141,102,2018/19
Malaysia,14,7,7,0,0,1.000,22.39,7.43,14,203,124,2024
Malaysia,10,5,5,0,0,1.000,20.36,6.81,10,198,-,2023/24
Malaysia,14,10,4,0,0,2.500,23.14,8.37,14,268,81,2023
Malaysia,11,7,3,0,1,2.333,27.22,8.76,11,223,95,2022/23
Malaysia,10,9,1,0,0,9.000,31.92,9.17,10,230,-,2022
Malaysia,4,1,3,0,0,0.333,23.25,7.86,4,196,138,2021/22
Malaysia,4,0,3,1,0,0.000,16.37,7.93,4,176,109,2021
Malaysia,14,9,5,0,0,1.800,22.40,7.63,14,206,111,2019/20
Malaysia,10,4,5,0,1,0.800,18.97,7.55,10,186,92,2019
Malawi,5,2,3,0,0,0.666,13.82,5.85,5,141,88,2024/25
Malawi,10,6,4,0,0,1.500,26.9,7.11,10,176,100,2024
Malawi,5,2,3,0,0,0.666,18.42,5.72,5,135,-,2023/24
Malawi,3,2,1,0,0,2.000,17.87,5.66,3,155,69,2023
Malawi,7,4,1,0,2,4.000,32.05,7.67,6,185,-,2022/23
Malawi,3,1,2,0,0,0.500,22.28,5.86,3,126,-,2022
Malawi,6,4,2,0,0,2.000,27.84,6.46,6,142,-,2021/22
Malawi,7,5,1,0,1,5.000,23.87,7.41,6,170,-,2019/20
Luxembourg,5,1,4,0,0,0.250,16.17,6.67,5,172,91,2024
Luxembourg,2,1,1,0,0,1.000,17.38,7.82,2,165,165,2023/24
Luxembourg,11,4,7,0,0,0.571,19.1,7.47,11,191,110,2023
Luxembourg,11,4,7,0,0,0.571,15.97,6.54,11,173,80,2022
Luxembourg,8,5,3,0,0,1.666,28.04,7.81,8,187,-,2021
Luxembourg,4,1,3,0,0,0.333,19.25,6.83,4,164,112,2020
Luxembourg,4,1,3,0,0,0.333,16.87,6.42,4,145,127,2019
Lesotho,5,1,4,0,0,0.250,7.97,4.91,5,148,47,2024
Lesotho,5,2,3,0,0,0.666,16.91,6.58,5,127,114,2023/24
Lesotho,7,2,4,0,1,0.500,12.24,6.26,6,153,67,2022/23
Lesotho,6,0,6,0,0,0.000,11.55,6.35,6,140,26,2021/22
Kuwait,15,10,4,0,1,2.500,24.74,8.97,15,226,70,2024
Kuwait,14,9,5,0,0,1.800,21.43,7.55,14,175,87,2023/24
Kuwait,5,2,3,0,0,0.666,19.79,7.28,5,155,155,2023
Kuwait,4,1,3,0,0,0.333,20.0,7.67,4,158,-,2022/23
Kuwait,8,6,1,1,0,6.000,22.67,9.14,8,209,-,2022
Kuwait,4,2,2,0,0,1.000,19.53,8.0,4,146,-,2021/22
Kuwait,5,3,2,0,0,1.500,27.87,8.24,5,210,139,2019/20
Kuwait,6,2,3,1,0,0.666,22.14,8.12,6,203,120,2019
Kuwait,4,2,1,1,0,2.000,27.71,8.35,4,189,-,2018/19
Kenya,6,5,1,0,0,5.000,24.48,8.18,6,224,102,2024/25
Kenya,10,8,2,0,0,4.000,27.24,8.66,10,219,-,2024
Kenya,17,11,6,0,0,1.833,20.77,7.02,17,182,95,2023/24
Kenya,10,6,4,0,0,1.500,22.9,7.0,10,185,115,2023
Kenya,7,5,0,0,2,-,48.35,9.96,7,237,-,2022/23
Kenya,9,4,5,0,0,0.800,20.61,7.02,9,161,101,2022
Kenya,6,4,2,0,0,2.000,28.62,7.91,6,168,138,2021/22
Kenya,7,3,3,0,1,1.000,19.61,7.16,6,162,123,2021
Kenya,6,2,4,0,0,0.500,17.18,6.35,6,159,73,2019/20
Kenya,3,3,0,0,0,-,30.15,7.49,3,145,-,2019
Kenya,6,3,3,0,0,1.000,15.93,6.4,6,183,56,2013/14
Kenya,4,2,2,0,0,1.000,18.00,6.66,4,176,78,2013
Kenya,2,1,1,0,0,1.000,16.56,6.62,2,139,-,2012/13
Kenya,5,0,5,0,0,0.000,13.13,5.83,5,164,71,2011/12
Kenya,4,3,1,0,0,3.000,46.09,8.24,4,141,130,2009/10
Kenya,4,1,3,0,0,0.333,11.73,5.3,4,134,67,2008
Kenya,4,0,4,0,0,0.000,10.86,5.14,4,138,73,2007/08
Jersey,11,8,3,0,0,2.666,29.33,9.55,11,233,141,2024
Jersey,8,5,3,0,0,1.666,20.61,7.74,8,190,158,2023
Jersey,8,5,3,0,0,1.666,25.7,7.76,8,185,-,2022
Jersey,6,6,0,0,0,-,19.19,6.07,6,139,94,2021/22
Jersey,9,3,6,0,0,0.500,17.92,6.98,9,184,105,2019/20
Jersey,8,6,1,1,0,6.000,25.46,7.42,8,171,-,2019
Japan,15,14,0,0,1,-,30.2,8.96,15,253,-,2024
Japan,10,4,6,0,0,0.666,25.19,8.38,10,258,128,2023/24
Japan,8,4,4,0,0,1.000,14.57,6.42,8,166,127,2023
Japan,7,5,2,0,0,2.500,19.17,8.16,7,218,79,2022/23
Italy,5,5,0,0,0,-,35.25,8.32,5,244,-,2024
Italy,5,3,2,0,0,1.500,17.58,7.87,5,183,90,2023
Italy,4,1,3,0,0,0.333,24.95,7.17,4,161,107,2022/23
Italy,5,5,0,0,0,-,33.04,8.74,5,210,-,2022
Italy,6,3,3,0,0,1.000,16.09,5.68,6,141,98,2021/22
Italy,8,5,2,0,1,2.500,17.20,6.79,7,138,76,2019
Israel,5,2,3,0,0,0.666,16.2,6.49,5,175,-,2024
Israel,4,1,3,0,0,0.333,18.14,6.35,4,166,-,2022
Isle of Man,5,2,3,0,0,0.666,15.6,6.98,5,182,85,2024
Isle of Man,3,2,0,0,1,-,25.78,7.22,3,150,-,2023
Isle of Man,6,0,5,0,1,0.000,9.13,5.17,5,132,10,2022/23
Isle of Man,5,4,1,0,0,4.000,24.28,7.83,5,171,-,2022
Isle of Man,4,4,0,0,0,-,29.2,7.91,4,151,-,2021/22
Isle of Man,1,0,1,0,0,0.000,11.11,5.0,1,100,-,2020
Ireland,2,1,1,0,0,1.000,26.14,9.15,2,195,-,2024/25
Ireland,9,4,5,0,0,0.800,21.09,7.69,9,193,96,2024
Ireland,6,3,3,0,0,1.000,20.07,7.28,6,166,98,2023/24
Ireland,7,4,3,0,0,1.333,28.5,8.67,7,226,-,2023
Ireland,13,5,8,0,0,0.625,19.58,7.68,13,180,114,2022/23
Ireland,12,3,9,0,0,0.333,20.09,8.46,12,221,91,2022
Ireland,16,8,8,0,0,1.000,20.33,7.24,16,165,101,2021/22
Ireland,8,3,5,0,0,0.600,20.12,7.13,8,178,117,2021
Ireland,18,9,7,1,1,1.285,22.71,8.13,18,208,125,2019/20
Ireland,5,3,2,0,0,1.500,27.06,9.78,5,194,-,2019
Ireland,6,2,4,0,0,0.500,25.02,8.55,6,194,-,2018/19
Ireland,8,1,6,1,0,0.166,17.66,7.64,8,205,70,2018
Ireland,7,2,5,0,0,0.400,19.80,8.32,7,211,71,2016/17
Ireland,1,0,1,0,0,0.000,12.90,6.61,1,129,129,2016
Ireland,8,3,4,0,1,0.750,15.53,7.02,7,154,105,2015/16
Ireland,8,1,5,0,2,0.200,18.52,6.87,6,166,128,2015
Ireland,7,5,2,0,0,2.500,27.65,7.87,7,225,-,2013/14
Ireland,2,0,1,0,1,0.000,19.38,6.46,2,129,-,2012/13
Ireland,3,0,3,0,0,0.000,18.36,6.73,3,145,-,2012
Ireland,8,8,0,0,0,-,34.25,7.65,8,159,-,2011/12
Ireland,2,0,1,0,1,0.000,7.45,4.06,2,68,68,2010
Ireland,6,3,3,0,0,1.000,19.34,7.24,6,172,126,2009/10
Ireland,5,1,4,0,0,0.250,16.31,6.66,5,138,115,2009
Ireland,4,3,0,0,1,-,12.26,4.85,3,118,-,2008
Iran,3,0,3,0,0,0.000,9.64,4.01,3,108,-,2019/20
Indonesia,5,0,5,0,0,0.000,10.08,4.57,5,105,80,2024/25
Indonesia,12,5,7,0,0,0.714,14.46,5.56,12,141,29,2024
Indonesia,16,7,8,1,0,0.875,20.83,7.22,15,192,119,2023/24
Indonesia,3,1,2,0,0,0.500,18.3,6.1,3,147,-,2023
Indonesia,7,4,3,0,0,1.333,13.6,5.73,7,130,83,2022/23
India,3,3,0,0,0,-,36.11,12.54,3,297,-,2024/25
India,16,14,1,1,0,14.000,28.72,8.67,16,234,102,2024
India,10,7,2,1,0,3.500,33.18,10.0,10,235,-,2023/24
India,10,6,3,0,1,2.000,32.58,8.84,9,202,-,2023
India,17,11,5,1,0,2.200,30.54,8.86,17,237,178,2022/23
India,23,15,7,0,1,2.142,30.72,9.32,23,225,138,2022
India,14,12,2,0,0,6.000,39.75,9.0,14,210,-,2021/22
India,3,1,2,0,0,0.500,20.94,6.28,3,164,-,2021
India,8,5,3,0,0,1.666,31.47,8.79,8,224,-,2020/21
India,16,10,3,2,1,3.333,36.21,8.94,15,240,-,2019/20
India,3,3,0,0,0,-,29.64,7.34,3,167,-,2019
India,11,5,5,0,1,1.000,31.71,8.55,10,208,139,2018/19
India,5,4,1,0,0,4.000,49.10,9.61,5,213,-,2018
India,16,12,4,0,0,3.000,33.05,8.80,16,260,118,2017/18
India,2,1,1,0,0,1.000,40.44,9.25,2,190,-,2017
India,3,2,1,0,0,2.000,23.47,8.21,3,202,-,2016/17
India,5,2,2,0,1,1.000,41.75,8.88,5,244,-,2016
India,18,13,5,0,0,2.600,29.17,7.88,18,200,79,2015/16
India,2,1,1,0,0,1.000,22.35,7.82,2,178,-,2015
India,1,0,1,0,0,0.000,35.40,8.85,1,177,-,2014
India,7,6,1,0,0,6.000,39.59,7.88,7,202,-,2013/14
India,9,6,3,0,0,2.000,27.64,8.06,9,192,-,2012/13
India,2,1,1,0,0,1.000,45.85,8.02,2,166,-,2012
India,4,1,3,0,0,0.333,27.41,6.9,4,140,-,2011/12
India,2,1,1,0,0,1.000,20.25,8.16,2,165,165,2011
India,1,1,0,0,0,-,28.00,8.4,1,168,-,2010/11
India,7,4,3,0,0,1.333,25.92,8.05,7,186,135,2010
India,2,1,1,0,0,1.000,30.53,10.13,2,211,-,2009/10
India,5,2,3,0,0,0.666,26.44,7.47,5,180,-,2009
India,3,1,2,0,0,0.500,23.09,8.17,3,174,-,2008/09
India,9,5,2,1,1,2.500,25.56,8.2,8,218,74,2007/08
India,1,1,0,0,0,-,31.75,6.4,1,127,-,2006/07
ICC World XI,1,0,1,0,0,0.000,14.11,7.62,1,127,127,2018
Hungary,4,1,3,0,0,0.333,16.3,6.92,4,173,110,2024
Hungary,5,2,2,1,0,1.000,18.5,8.11,5,209,138,2023
Hungary,13,4,8,0,1,0.500,18.49,7.51,13,197,89,2022
Hungary,4,2,2,0,0,1.000,25.92,8.95,4,187,187,2021
Hong Kong,17,9,7,0,1,1.285,21.61,7.94,17,201,114,2024
Hong Kong,18,9,7,1,1,1.285,23.66,8.27,18,219,94,2023/24
Hong Kong,7,2,5,0,0,0.400,14.41,6.0,7,141,79,2023
Hong Kong,4,4,0,0,0,-,23.76,7.5,4,182,-,2022/23
Hong Kong,10,5,5,0,0,1.000,19.3,6.91,10,186,38,2022
Hong Kong,20,6,14,0,0,0.428,18.33,6.99,20,171,102,2019/20
Hong Kong,3,1,2,0,0,0.500,21.75,7.43,3,183,87,2016/17
Hong Kong,1,1,0,0,0,-,33.80,8.45,1,169,-,2016
Hong Kong,12,3,9,0,0,0.333,19.38,7.13,12,175,112,2015/16
Hong Kong,4,3,1,0,0,3.000,18.46,6.55,4,162,116,2015
Hong Kong,1,1,0,0,0,-,9.12,3.68,1,73,-,2014/15
Hong Kong,3,1,2,0,0,0.500,12.92,5.92,3,153,69,2013/14
Guernsey,12,7,5,0,0,1.400,25.34,8.5,12,197,86,2024
Guernsey,5,2,3,0,0,0.666,21.17,7.2,5,172,98,2023
Guernsey,12,6,6,0,0,1.000,21.59,6.52,12,153,78,2022
Guernsey,1,1,0,0,0,-,50.5,8.78,1,101,-,2020
Guernsey,9,2,5,1,1,0.400,13.98,5.79,8,128,95,2019
Greece,4,0,4,0,0,0.000,11.5,5.42,4,134,84,2024
Greece,4,0,4,0,0,0.000,9.91,5.04,4,146,43,2022
Greece,4,1,2,0,1,0.500,18.8,8.51,4,157,133,2021
Greece,3,2,1,0,0,2.000,30.00,7.60,3,117,-,2019/20
Gibraltar,8,4,4,0,0,1.000,24.13,7.6,8,175,-,2024
Gibraltar,4,3,1,0,0,3.000,23.5,7.58,4,172,-,2023/24
Gibraltar,11,3,8,0,0,0.375,18.74,7.25,11,176,84,2023
Gibraltar,10,2,8,0,0,0.250,23.46,7.64,10,213,141,2022
Gibraltar,5,1,3,1,0,0.333,28.3,8.42,5,217,-,2021/22
Gibraltar,4,0,4,0,0,0.000,22.8,7.26,4,193,108,2021
Gibraltar,4,0,4,0,0,0.000,14.24,5.17,4,113,95,2019/20
Ghana,5,3,2,0,0,1.500,15.54,5.36,5,133,88,2024
Ghana,17,5,11,1,0,0.454,11.19,5.42,17,185,54,2023/24
Ghana,7,3,4,0,0,0.750,25.42,7.72,7,215,111,2022/23
Ghana,3,1,2,0,0,0.500,16.23,7.03,3,154,135,2022
Ghana,6,5,1,0,0,5.000,28.14,8.26,6,239,97,2021/22
Ghana,5,3,2,0,0,1.500,21.87,7.73,5,166,79,2021
Ghana,4,0,4,0,0,0.000,12.87,5.14,4,113,88,2019
Germany,4,3,1,0,0,3.000,25.15,9.83,4,220,151,2024
Germany,14,9,5,0,0,1.800,26.66,8.15,14,181,141,2023
Germany,4,3,1,0,0,3.000,34.4,7.25,4,149,-,2022/23
Germany,5,4,1,0,0,4.000,16.02,6.41,5,151,103,2022
Germany,11,4,7,0,0,0.571,18.76,6.27,11,167,85,2021/22
Germany,8,5,3,0,0,1.666,19.93,6.62,8,164,-,2021
Germany,2,1,1,0,0,1.000,31.90,7.97,2,180,-,2019/20
Germany,10,7,3,0,0,2.333,20.23,6.98,10,149,53,2019
Gambia,3,0,3,0,0,0.000,10.08,5.11,3,142,46,2024/25
Gambia,2,0,2,0,0,0.000,8.47,4.01,2,87,57,2023/24
Gambia,7,1,6,0,0,0.166,8.32,4.75,7,122,42,2022/23
France,10,6,3,1,0,2.000,18.42,7.31,10,170,116,2024
France,9,5,4,0,0,1.250,23.32,7.66,9,191,78,2023
France,5,3,2,0,0,1.500,20.77,7.55,5,183,97,2022
France,4,1,3,0,0,0.333,14.54,5.81,4,128,-,2021
Finland,8,3,5,0,0,0.600,15.1,6.83,8,199,74,2024
Finland,6,1,4,1,0,0.250,10.52,5.33,6,106,92,2023
Finland,10,7,3,0,0,2.333,16.97,6.97,10,183,33,2022
Finland,4,2,2,0,0,1.000,21.8,7.39,4,145,-,2021
Finland,5,1,4,0,0,0.250,16.58,6.91,5,185,86,2019
Fiji,6,3,3,0,0,1.000,15.4,7.04,6,173,62,2024
Fiji,4,2,2,0,0,1.000,20.13,7.92,4,205,121,2022/23
Fiji,6,3,3,0,0,1.000,16.3,7.28,6,149,147,2022
Eswatini,5,3,2,0,0,1.500,16.62,7.4,5,182,116,2023/24
Eswatini,3,0,3,0,0,0.000,11.67,5.94,3,127,98,2023
Eswatini,7,1,5,0,1,0.200,19.21,6.99,7,151,-,2022/23
Eswatini,6,0,6,0,0,0.000,10.21,5.37,6,123,59,2022
Estonia,11,8,3,0,0,2.666,27.31,8.06,11,196,144,2024
Estonia,2,1,1,0,0,1.000,38.62,8.5,2,160,-,2023
Estonia,6,0,6,0,0,0.000,18.67,6.51,6,171,101,2022
Estonia,6,0,6,0,0,0.000,13.82,5.6,6,130,71,2021/22
England,12,7,4,0,1,1.750,27.24,9.24,11,194,103,2024
England,5,2,3,0,0,0.666,29.15,9.73,5,267,132,2023/24
England,4,2,2,0,0,1.000,25.76,8.88,4,198,128,2023
England,12,7,4,0,1,1.750,27.53,8.03,12,208,117,2022/23
England,13,6,7,0,0,0.857,25.62,9.17,13,234,101,2022
England,11,6,5,0,0,1.200,24.61,8.51,11,204,103,2021/22
England,6,5,1,0,0,5.000,24.35,8.68,6,201,200,2021
England,8,5,3,0,0,1.666,35.23,8.88,8,192,-,2020/21
England,6,3,2,0,1,1.500,27.22,8.58,6,199,-,2020
England,8,4,3,1,0,1.333,28.78,9.88,8,241,155,2019/20
England,1,1,0,0,0,-,58.33,9.05,1,175,-,2019
England,4,4,0,0,0,-,27.36,8.68,4,187,-,2018/19
England,4,2,2,0,0,1.000,26.92,9.12,4,221,-,2018
England,4,1,3,0,0,0.333,20.93,8.37,4,194,-,2017/18
England,4,2,2,0,0,1.000,26.00,8.78,4,181,155,2017
England,3,1,2,0,0,0.500,21.78,7.57,3,148,127,2016/17
England,2,1,1,0,0,1.000,31.00,7.44,2,144,-,2016
England,11,6,4,1,0,1.500,24.07,8.45,11,230,171,2015/16
England,2,2,0,0,0,-,31.08,9.32,2,191,-,2015
England,2,1,1,0,0,1.000,25.28,8.85,2,180,-,2014
England,10,2,8,0,0,0.250,20.05,7.94,10,200,88,2013/14
England,4,1,2,0,1,0.500,35.41,9.97,4,209,-,2013
England,10,5,5,0,0,1.000,26.62,8.46,10,214,80,2012/13
England,4,2,1,0,1,2.000,25.76,7.98,4,173,-,2012
England,4,3,1,0,0,3.000,23.30,6.81,4,150,-,2011/12
England,4,2,2,0,0,1.000,22.65,7.28,4,169,88,2011
England,2,1,1,0,0,1.000,20.06,7.52,2,158,-,2010/11
England,9,7,1,0,1,7.000,27.86,7.87,9,191,-,2010
England,4,2,2,0,0,1.000,27.69,8.11,4,202,-,2009/10
England,6,2,3,0,1,0.666,22.17,7.68,6,185,111,2009
England,1,0,1,0,0,0.000,12.10,6.31,1,121,121,2008/09
England,1,1,0,0,0,-,127.00,7.25,1,127,-,2008
England,7,3,4,0,0,0.750,21.32,8.52,7,200,135,2007/08
England,2,1,1,0,0,1.000,30.50,9.26,2,193,-,2007
England,1,0,1,0,0,0.000,16.00,7.2,1,144,-,2006/07
England,2,0,2,0,0,0.000,25.41,7.62,2,161,-,2006
England,1,1,0,0,0,-,22.37,8.95,1,179,-,2005
Denmark,6,3,3,0,0,1.000,21.66,8.22,6,225,102,2024
Denmark,10,4,6,0,0,0.666,19.4,6.9,10,175,109,2023
Denmark,8,6,2,0,0,3.000,30.9,8.67,8,256,-,2022
Denmark,6,0,6,0,0,0.000,13.63,5.58,6,132,89,2021/22
Denmark,3,2,1,0,0,2.000,20.66,6.3,3,135,111,2021
Denmark,9,4,3,0,2,1.333,14.11,6.30,8,158,117,2019
Czech Rep.,5,2,3,0,0,0.666,17.27,6.34,5,178,110,2024
Czech Rep.,3,2,0,1,0,-,20.76,7.53,3,169,128,2023
Czech Rep.,15,10,5,0,0,2.000,26.68,8.51,15,258,66,2022
Czech Rep.,7,2,5,0,0,0.400,24.51,7.77,7,176,84,2021
Czech Rep.,4,1,3,0,0,0.333,14.79,5.66,4,151,-,2020
Czech Rep.,2,2,0,0,0,-,39.11,8.80,2,204,-,2019/20
Czech Rep.,5,3,2,0,0,1.500,28.62,9.02,5,278,163,2019
Cyprus,11,4,7,0,0,0.571,17.15,7.22,11,195,67,2024
Cyprus,5,2,3,0,0,0.666,16.97,7.41,5,183,120,2022
Cyprus,6,4,2,0,0,2.000,19.61,7.37,6,187,92,2021/22
Croatia,9,2,7,0,0,0.285,10.29,5.09,9,140,47,2024
Croatia,6,0,5,0,1,0.000,7.52,4.32,5,83,63,2023
Croatia,5,2,3,0,0,0.666,10.42,4.02,5,104,69,2022
Costa Rica,5,2,3,0,0,0.666,9.29,4.73,5,120,35,2024
Costa Rica,3,0,3,0,0,0.000,15.18,5.61,3,133,89,2019
Cook Islands,6,4,2,0,0,2.000,29.0,7.37,6,186,-,2024
Cook Islands,6,3,3,0,0,1.000,19.78,7.41,6,158,123,2022
China,7,1,6,0,0,0.166,8.43,4.06,7,129,37,2023/24
China,4,1,3,0,0,0.333,5.0,3.42,4,78,23,2023
Chile,2,0,2,0,0,0.000,7.29,3.12,2,72,52,2023/24
Chile,4,1,3,0,0,0.333,11.06,5.31,4,104,93,2019/20
Cayman,4,1,3,0,0,0.333,10.54,5.17,4,123,30,2023/24
Cayman,4,3,1,0,0,3.000,14.12,5.84,4,138,125,2022/23
Cayman,5,5,0,0,0,-,33.38,8.27,5,180,-,2022
Cayman,6,0,6,0,0,0.000,11.34,4.75,6,116,114,2019
Canada,15,5,9,0,1,0.555,20.32,7.27,15,199,106,2024
Canada,5,4,1,0,0,4.000,29.2,8.91,5,230,95,2023/24
Canada,7,6,1,0,0,6.000,36.0,9.19,7,199,-,2022/23
Canada,11,8,2,1,0,4.000,41.54,9.22,11,245,80,2021/22
Canada,6,3,3,0,0,1.000,22.32,7.44,6,176,-,2019/20
Canada,6,5,0,0,1,-,32.04,8.68,6,196,-,2019
Canada,2,0,2,0,0,0.000,22.38,7.39,2,166,125,2013/14
Canada,2,1,1,0,0,1.000,16.40,6.58,2,128,118,2012/13
Canada,4,0,4,0,0,0.000,13.34,6.09,4,135,93,2011/12
Canada,4,1,3,0,0,0.333,23.84,7.45,4,176,-,2009/10
Canada,4,0,3,1,0,0.000,12.50,5.67,4,138,75,2008/09
Canada,3,2,1,0,0,2.000,14.50,5.25,3,99,91,2008
Cameroon,5,2,3,0,0,0.666,6.08,4.08,5,58,30,2024
Cameroon,3,1,2,0,0,0.500,9.08,5.42,3,144,35,2023/24
Cameroon,7,0,6,0,1,0.000,9.08,5.25,6,146,34,2022/23
Cameroon,3,0,3,0,0,0.000,6.7,3.81,3,77,48,2022
Cameroon,4,0,4,0,0,0.000,6.15,3.84,4,89,38,2021/22
Cambodia,4,0,4,0,0,0.000,12.21,5.8,4,141,76,2024
Cambodia,13,7,6,0,0,1.166,23.76,6.96,13,174,104,2023/24
Cambodia,5,3,2,0,0,1.500,18.44,7.12,5,182,70,2023
Bulgaria,7,0,7,0,0,0.000,13.24,5.99,7,174,79,2024
Bulgaria,4,2,1,0,1,2.000,35.54,9.23,3,166,-,2023
Bulgaria,18,7,11,0,0,0.636,23.82,8.51,18,246,48,2022
Bulgaria,4,1,3,0,0,0.333,23.56,7.4,4,180,81,2021/22
Bulgaria,8,2,5,0,1,0.400,20.53,7.51,8,208,125,2021
Bulgaria,4,1,3,0,0,0.333,17.0,6.6,4,175,60,2020/21
Bulgaria,3,0,2,0,1,0.000,24.92,8.61,3,184,-,2020
Bulgaria,3,2,1,0,0,2.000,19.50,6.72,3,161,-,2019/20
Brazil,1,1,0,0,0,-,13.2,6.94,1,132,132,2024/25
Brazil,4,1,3,0,0,0.333,9.72,5.39,4,96,76,2019/20
Botswana,5,2,3,0,0,0.666,13.2,5.28,5,153,62,2023/24
Botswana,12,5,7,0,0,0.714,18.5,6.52,12,205,64,2023
Botswana,7,3,3,0,1,1.000,23.63,7.21,7,165,106,2022/23
Botswana,4,2,2,0,0,1.000,19.33,7.25,4,185,-,2022
Botswana,4,3,1,0,0,3.000,27.94,7.75,4,157,-,2021/22
Botswana,7,0,7,0,0,0.000,11.87,4.99,7,116,46,2019
Bhutan,5,3,2,0,0,1.500,16.08,5.95,5,144,94,2024/25
Bhutan,8,1,7,0,0,0.142,12.57,5.75,8,164,55,2023/24
Bhutan,4,2,2,0,0,1.000,14.18,5.79,4,161,83,2023
Bhutan,7,4,3,0,0,1.333,11.44,4.8,7,135,73,2022
Bhutan,2,0,2,0,0,0.000,16.30,5.30,2,117,-,2019/20
Bermuda,5,4,1,0,0,4.000,19.09,7.89,5,181,93,2023/24
Bermuda,6,6,0,0,0,-,64.46,9.37,6,226,-,2022/23
Bermuda,6,4,2,0,0,2.000,25.18,8.68,6,239,-,2021/22
Bermuda,6,0,6,0,0,0.000,13.37,6.10,6,158,89,2019/20
Bermuda,6,4,1,0,1,4.000,17.82,6.69,6,142,116,2019
Bermuda,3,0,3,0,0,0.000,8.40,4.28,3,99,70,2008
Belize,6,1,5,0,0,0.200,12.89,5.37,6,143,85,2021/22
Belize,3,3,0,0,0,-,22.56,7.62,3,157,-,2019
Belgium,17,9,7,1,0,1.285,21.4,8.02,17,200,112,2024
Belgium,4,0,4,0,0,0.000,17.81,8.27,4,179,164,2023
Belgium,8,7,1,0,0,7.000,22.83,8.5,8,233,113,2022
Belgium,8,5,3,0,0,1.666,19.44,7.14,8,196,99,2021
Belgium,4,4,0,0,0,-,25.25,8.83,4,197,-,2020
Belgium,3,0,3,0,0,0.000,15.40,6.20,3,133,87,2019
Bangladesh,3,0,3,0,0,0.000,16.38,7.11,3,164,127,2024/25
Bangladesh,15,8,7,0,0,1.142,20.42,7.19,15,165,105,2024
Bangladesh,6,2,3,0,1,0.666,21.88,7.99,5,203,110,2023/24
Bangladesh,5,4,1,0,0,4.000,18.43,6.82,5,157,-,2023
Bangladesh,15,7,8,0,0,0.875,22.97,7.9,15,207,101,2022/23
Bangladesh,10,3,6,0,1,0.500,25.55,8.04,10,188,-,2022
Bangladesh,13,3,10,0,0,0.300,16.88,6.66,13,181,73,2021/22
Bangladesh,13,9,4,0,0,2.250,18.67,6.41,13,194,76,2021
Bangladesh,3,0,3,0,0,0.000,14.48,7.95,3,144,76,2020/21
Bangladesh,7,3,4,0,0,0.750,30.82,7.78,7,200,144,2019/20
Bangladesh,4,3,1,0,0,3.000,20.03,7.85,4,175,139,2019
Bangladesh,3,1,2,0,0,0.500,20.00,8.57,3,211,129,2018/19
Bangladesh,6,2,4,0,0,0.500,20.88,7.54,6,184,122,2018
Bangladesh,9,2,7,0,0,0.285,21.49,8.39,9,215,135,2017/18
Bangladesh,5,1,4,0,0,0.250,20.17,8.01,5,176,148,2016/17
Bangladesh,18,8,9,0,1,0.888,22.28,7.55,18,180,70,2015/16
Bangladesh,3,1,2,0,0,0.500,16.39,6.91,3,143,96,2015
Bangladesh,1,0,0,0,1,0.000,-,6.64,1,31,-,2014
Bangladesh,10,2,8,0,0,0.250,19.44,7.22,10,189,98,2013/14
Bangladesh,2,1,1,0,0,1.000,22.00,8.25,2,168,-,2013
Bangladesh,4,0,4,0,0,0.000,30.31,8.33,4,181,-,2012/13
Bangladesh,6,4,2,0,0,2.000,21.41,7.56,6,190,128,2012
Bangladesh,2,1,1,0,0,1.000,13.75,5.52,2,135,-,2011/12
Bangladesh,2,0,2,0,0,0.000,15.58,6.85,2,151,114,2010
Bangladesh,1,0,1,0,0,0.000,7.80,4.45,1,78,78,2009/10
Bangladesh,3,0,3,0,0,0.000,16.40,6.83,3,155,-,2009
Bangladesh,1,0,1,0,0,0.000,13.62,7.78,1,109,-,2008/09
Bangladesh,8,2,6,0,0,0.333,16.50,7.2,8,165,83,2007/08
Bangladesh,1,1,0,0,0,-,16.60,8.36,1,166,166,2006/07
Bahrain,2,1,1,0,0,1.000,12.4,6.37,2,97,89,2024/25
Bahrain,4,1,3,0,0,0.333,23.8,8.72,4,199,-,2024
Bahrain,9,6,3,0,0,2.000,22.33,6.91,9,166,146,2023/24
Bahrain,5,3,2,0,0,1.500,19.18,6.4,5,150,-,2023
Bahrain,18,7,9,1,1,0.777,22.52,7.72,18,195,114,2022/23
Bahrain,5,0,4,1,0,0.000,21.6,7.66,5,189,84,2022
Bahrain,9,6,3,0,0,2.000,25.87,8.13,9,191,-,2021/22
Bahrain,4,2,2,0,0,1.000,15.18,7.59,4,186,83,2019/20
Bahrain,4,2,2,0,0,1.000,26.52,8.61,4,188,157,2018/19
Bahamas,4,1,3,0,0,0.333,10.48,4.43,4,105,74,2022/23
Bahamas,5,0,5,0,0,0.000,15.83,6.05,5,138,101,2022
Bahamas,6,2,4,0,0,0.500,12.09,5.71,6,150,68,2021/22
Austria,9,6,3,0,0,2.000,25.01,8.22,9,208,97,2024
Austria,10,0,9,0,1,0.000,11.96,5.6,9,149,66,2023
Austria,17,12,4,0,1,3.000,22.96,8.06,16,214,81,2022
Austria,7,4,3,0,0,1.333,26.38,8.35,7,195,-,2021
Austria,5,4,1,0,0,4.000,36.68,9.05,5,239,106,2019
Australia,12,9,3,0,0,3.000,29.84,9.48,12,201,127,2024
Australia,14,9,5,0,0,1.800,33.69,10.11,14,241,174,2023/24
Australia,9,5,3,0,1,1.666,23.1,8.51,9,200,111,2022/23
Australia,6,3,3,0,0,1.000,30.76,9.3,6,211,-,2022
Australia,13,10,2,1,0,5.000,29.03,8.15,13,177,125,2021/22
Australia,10,2,8,0,0,0.250,16.36,6.87,10,189,62,2021
Australia,8,3,5,0,0,0.600,26.07,8.77,8,215,131,2020/21
Australia,3,1,2,0,0,0.500,25.72,7.78,3,160,-,2020
Australia,9,7,1,0,1,7.000,51.23,9.23,9,233,-,2019/20
Australia,10,4,5,0,1,0.800,20.35,7.43,10,194,89,2018/19
Australia,6,3,3,0,0,1.000,31.06,9.29,6,229,193,2018
Australia,7,6,1,0,0,6.000,34.51,8.92,7,245,-,2017/18
Australia,3,1,2,0,0,0.500,24.00,8.80,3,187,173,2016/17
Australia,2,2,0,0,0,-,43.66,10.38,2,263,-,2016
Australia,10,4,6,0,0,0.666,25.25,8.57,10,205,151,2015/16
Australia,1,0,1,0,0,0.000,22.12,8.85,1,177,-,2015
Australia,4,3,1,0,0,3.000,23.28,7.35,4,146,-,2014/15
Australia,10,6,4,0,0,1.500,26.22,9.08,10,213,86,2013/14
Australia,2,1,1,0,0,1.000,27.73,10.4,2,248,-,2013
Australia,9,4,5,0,0,0.800,31.07,7.95,9,164,131,2012/13
Australia,3,1,1,1,0,1.000,16.32,6.85,3,168,89,2012
Australia,6,3,3,0,0,1.000,23.55,7.62,6,171,131,2011/12
Australia,2,0,2,0,0,0.000,18.35,7.8,2,163,-,2011
Australia,3,1,2,0,0,0.500,23.00,7.28,3,157,-,2010/11
Australia,9,6,3,0,0,2.000,22.37,8.2,9,197,144,2010
Australia,5,4,0,1,0,-,27.89,9.04,5,214,127,2009/10
Australia,4,0,3,0,1,0.000,19.36,7.27,4,169,108,2009
Australia,5,3,2,0,0,1.500,22.80,8.07,5,182,-,2008/09
Australia,1,0,1,0,0,0.000,32.33,8.81,1,97,-,2008
Australia,9,5,4,0,0,1.250,33.26,8.4,9,186,-,2007/08
Australia,1,1,0,0,0,-,44.20,11.05,1,221,-,2006/07
Australia,2,1,1,0,0,1.000,40.80,10.2,2,209,-,2005/06
Australia,1,0,1,0,0,0.000,7.90,5.44,1,79,79,2005
Australia,1,1,0,0,0,-,42.80,10.7,1,214,-,2004/05
Argentina,1,1,0,0,0,-,51.5,13.43,1,103,-,2024/25
Argentina,2,2,0,0,0,-,29.66,7.12,2,125,-,2023/24
Argentina,6,1,5,0,0,0.200,13.2,5.53,6,125,77,2022/23
Argentina,6,2,4,0,0,0.500,20.67,6.48,6,171,109,2021/22
Argentina,5,5,0,0,0,-,17.34,6.00,5,111,-,2019/20
Afghanistan,8,5,3,0,0,1.666,18.36,7.04,8,183,56,2024
Afghanistan,12,5,6,1,0,0.833,21.4,8.23,12,212,111,2023/24
Afghanistan,5,2,2,0,1,1.000,17.54,6.69,5,154,116,2023
Afghanistan,9,4,5,0,0,0.800,21.33,6.97,9,166,112,2022/23
Afghanistan,13,7,6,0,0,1.166,24.83,7.74,13,189,-,2022
Afghanistan,7,3,4,0,0,0.750,23.33,7.24,7,190,94,2021/22
Afghanistan,3,3,0,0,0,-,33.76,9.56,3,198,-,2020/21
Afghanistan,6,4,1,1,0,4.000,22.40,7.79,6,184,-,2019/20
Afghanistan,4,2,2,0,0,1.000,25.15,8.17,4,197,-,2019
Afghanistan,3,3,0,0,0,-,41.60,10.51,3,278,-,2018/19
Afghanistan,5,5,0,0,0,-,23.24,7.92,5,167,-,2018
Afghanistan,2,2,0,0,0,-,19.92,8.04,2,158,-,2017/18
Afghanistan,3,0,3,0,0,0.000,13.42,6.52,3,146,93,2017
Afghanistan,10,10,0,0,0,-,33.72,8.92,10,233,-,2016/17
Afghanistan,17,12,5,0,0,2.400,24.85,8.27,17,215,160,2015/16
Afghanistan,6,5,1,0,0,5.000,31.96,8.37,6,210,-,2015
Afghanistan,10,4,6,0,0,0.666,17.15,6.92,10,171,72,2013/14
Afghanistan,4,2,2,0,0,1.000,16.26,6.56,4,140,80,2012/13
Afghanistan,3,2,1,0,0,2.000,22.66,7.97,3,174,-,2011/12
Afghanistan,2,0,2,0,0,0.000,10.83,5.41,2,115,80,2010
Afghanistan,6,4,2,0,0,2.000,20.22,6.89,6,147,-,2009/10
